2010/1/1,2010/4/1,2010/7/1,2010/10/1,2011/1/1,2011/4/1,2011/7/1,2011/10/1,2012/1/1,2012/4/1,2012/7/1,2012/10/1,2013/1/1,2013/4/1,2013/7/1,2013/10/1,2014/1/1,2014/4/1,2014/7/1,2014/10/1,2015/1/1,2015/4/1,2015/7/1,2015/10/1,2016/1/1,2016/4/1,2016/7/1,2016/10/1,2017/1/1,2017/4/1,2017/7/1,2017/10/1,2018/1/1
0202445Q,0202445Q,0202445Q,0203524D,0203524D,0203524D,0203524D,0848680D,0867887D,0867887D,0961514D,1086832D,1255459D,1255459D,1255459D,1284849D,1284849D,1288453D,1288453D,1288453D,1288453D,1436513D,1448062D,1500785D,1500785D,1500785D,1518855D,1539941D,1539941D,A,AAL,AAL,AAL
0203524D,0203524D,0203524D,0772031D,0772031D,0848680D,0848680D,0867887D,0961514D,0961514D,1086832D,1255459D,1284849D,1284849D,1284849D,1288453D,1288453D,1431816D,1436513D,1436513D,1436513D,1448062D,1500785D,1518855D,1518855D,1518855D,1539941D,A,A,AAL,AAP,AAP,AAP
0772031D,0772031D,0772031D,0848680D,0848680D,0867887D,0867887D,0961514D,1086832D,1086832D,1255459D,1284849D,1288453D,1288453D,1288453D,1431816D,1431816D,1436513D,1448062D,1448062D,1448062D,1500785D,1518855D,1539941D,1539941D,1539941D,A,AA,AAL,AAP,AAPL,AAPL,AAPL
0848680D,0848680D,0848680D,0961514D,0961514D,0961514D,0961514D,1086832D,1255459D,1255459D,1284849D,1288453D,1431816D,1431816D,1431816D,1436513D,1436513D,1448062D,1500785D,1500785D,1500785D,1518855D,1539941D,1541931D,1566019D,1566019D,AA,AAL,AAP,AAPL,ABBV,ABBV,ABBV
0961514D,0961514D,0961514D,1086832D,1086832D,1086832D,1086832D,1255459D,1280712D,1280712D,1288453D,1431816D,1436513D,1436513D,1436513D,1448062D,1448062D,1500785D,1518855D,1518855D,1518855D,1539941D,1541931D,1566019D,9876566D,A,AAL,AAP,AAPL,ABBV,ABC,ABC,ABC
1086832D,1086832D,1086832D,1255459D,1255459D,1255459D,1255459D,1280712D,1284849D,1284849D,1431816D,1436513D,1448062D,1448062D,1448062D,1500785D,1500785D,1518855D,1539941D,1539941D,1539941D,1541931D,1566019D,9876566D,A,AA,AAP,AAPL,ABBV,ABC,ABT,ABT,ABT
1255459D,1255459D,1255459D,1280712D,1280712D,1280712D,1280712D,1284849D,1431816D,1431816D,1436513D,1448062D,1500785D,1500785D,1500785D,1518855D,1518855D,1539941D,1541931D,1541931D,1541931D,1566019D,9876549D,A,AA,AAL,AAPL,ABBV,ABC,ABT,ACN,ACN,ACN
1280712D,1280712D,1280712D,1284849D,1284849D,1284849D,1284849D,1431816D,1436513D,1436513D,1448062D,1500785D,1518855D,1518855D,1518855D,1539941D,1539941D,1541931D,1566019D,1566019D,1566019D,9876549D,9876566D,AA,AAL,AAP,ABBV,ABC,ABT,ACN,ADBE,ADBE,ADBE
1284849D,1284849D,1284849D,1431816D,1431816D,1431816D,1431816D,1436513D,1448062D,1448062D,1500785D,1518855D,1539941D,1539941D,1539941D,1541931D,1541931D,1566019D,9876549D,9876549D,9876549D,9876566D,A,AAL,AAP,AAPL,ABC,ABT,ACN,ADBE,ADI,ADI,ADI
1431816D,1431816D,1431816D,1436513D,1436513D,1436513D,1436513D,1448062D,1500785D,1500785D,1518855D,1539941D,1541931D,1541931D,1541931D,1566019D,1566019D,9876544D,9876566D,9876566D,9876566D,A,AA,AAP,AAPL,ABBV,ABT,ACN,ADBE,ADI,ADM,ADM,ADM
1436513D,1436513D,1436513D,1448062D,1448062D,1448062D,1448062D,1500785D,1518855D,1518855D,1539941D,1541931D,1566019D,1566019D,1566019D,9876544D,9876544D,9876549D,A,A,A,AA,AAL,AAPL,ABBV,ABC,ACN,ADBE,ADI,ADM,ADP,ADP,ADP
1448062D,1448062D,1448062D,1500785D,1500785D,1500785D,1500785D,1518855D,1519128D,1539941D,1541931D,1566019D,9876544D,9876544D,9876544D,9876549D,9876549D,9876566D,AA,AA,AA,AAL,AAPL,ABBV,ABC,ABT,ADBE,ADI,ADM,ADP,ADS,ADS,ADS
1500785D,1500785D,1500785D,1518855D,1518855D,1518855D,1518855D,1519128D,1539941D,1541931D,9876544D,9876544D,9876566D,9876566D,9876566D,9876566D,9876566D,A,AAPL,AAPL,AAPL,AAPL,ABBV,ABC,ABT,ACN,ADI,ADM,ADP,ADS,ADSK,ADSK,ADSK
1518855D,1518855D,1518855D,1519128D,1519128D,1519128D,1519128D,1539941D,1541931D,9876544D,9876566D,9876566D,A,A,A,A,A,AA,ABBV,ABBV,ABBV,ABBV,ABC,ABT,ACN,ADBE,ADM,ADP,ADS,ADSK,AEE,AEE,AEE
1519128D,1519128D,1519128D,1539941D,1539941D,1539941D,1539941D,1541931D,9876544D,9876566D,A,A,AA,AA,AA,AA,AA,AAPL,ABC,ABC,ABC,ABC,ABT,ACN,ADBE,ADI,ADP,ADS,ADSK,AEE,AEP,AEP,AEP
1524867D,1524867D,1539941D,1541931D,1541931D,1541931D,1541931D,9876544D,9876566D,A,AA,AA,AAPL,AAPL,AAPL,AAPL,AAPL,ABBV,ABT,ABT,ABT,ABT,ACN,ADBE,ADI,ADM,ADS,ADSK,AEE,AEP,AES,AES,AES
1539941D,1539941D,1541931D,8394653Q,8394653Q,8394653Q,9876544D,9876566D,A,AA,AAPL,AAPL,ABC,ABBV,ABBV,ABBV,ABBV,ABC,ACN,ACN,ACN,ACN,ADBE,ADI,ADM,ADP,ADSK,AEE,AEP,AES,AET,AET,AET
1541931D,1541931D,8394653Q,9876544D,9876544D,9876544D,9876566D,A,AA,AAPL,ABC,ABC,ABT,ABC,ABC,ABC,ABC,ABT,ADBE,ADBE,ADBE,ADBE,ADI,ADM,ADP,ADS,AEE,AEP,AES,AET,AFL,AFL,AFL
8277831Q,8394653Q,9876544D,9876566D,9876566D,9876566D,A,AA,AAPL,ABC,ABT,ABT,ACN,ABT,ABT,ABT,ABT,ACN,ADI,ADI,ADI,ADI,ADM,ADP,ADS,ADSK,AEP,AES,AET,AFL,AGN,AGN,AGN
8394653Q,9876544D,9876566D,A,A,A,AA,AAPL,ABC,ABT,ACN,ACN,ADBE,ACN,ACN,ACN,ACN,ADBE,ADM,ADM,ADM,ADM,ADP,ADS,ADSK,AEE,AES,AET,AFL,AGN,AIG,AIG,AIG
9876544D,9876566D,A,AA,AA,AA,AAPL,ABC,ABT,ACN,ADBE,ADBE,ADI,ADBE,ADBE,ADBE,ADBE,ADI,ADP,ADP,ADP,ADP,ADS,ADSK,AEE,AEP,AET,AFL,AGN,AIG,AIV,AIV,AIV
9876566D,A,AA,AAPL,AAPL,AAPL,ABC,ABT,ACN,ADBE,ADI,ADI,ADM,ADI,ADI,ADI,ADI,ADM,ADS,ADS,ADS,ADS,ADSK,AEE,AEP,AES,AFL,AGN,AIG,AIV,AIZ,AIZ,AIZ
A,AA,AAPL,ABC,ABC,ABC,ABT,ACN,ADBE,ADI,ADM,ADM,ADP,ADM,ADM,ADM,ADM,ADP,ADSK,ADSK,ADSK,ADSK,AEE,AEP,AES,AET,AGN,AIG,AIV,AIZ,AJG,AJG,AJG
AA,AAPL,ABC,ABT,ABT,ABT,ADBE,ADBE,ADI,ADM,ADP,ADP,ADSK,ADP,ADP,ADP,ADP,ADS,AEE,AEE,AEE,AEE,AEP,AES,AET,AFL,AIG,AIV,AIZ,AJG,AKAM,AKAM,AKAM
AAPL,ABC,ABT,ADBE,ADBE,ADBE,ADI,ADI,ADM,ADP,ADSK,ADSK,AEE,ADSK,ADSK,ADSK,ADS,ADSK,AEP,AEP,AEP,AEP,AES,AET,AFL,AGN,AIV,AIZ,AJG,AKAM,ALB,ALB,ALB
ABC,ABT,ADBE,ADI,ADI,ADI,ADM,ADM,ADP,ADSK,AEE,AEE,AEP,AEE,AEE,AEE,ADSK,AEE,AES,AES,AES,AES,AET,AFL,AGN,AIG,AIZ,AJG,AKAM,ALB,ALGN,ALGN,ALGN
ABT,ADBE,ADI,ADM,ADM,ADM,ADP,ADP,ADSK,AEE,AEP,AEP,AES,AEP,AEP,AEP,AEE,AEP,AET,AET,AET,AET,AFL,AGN,AIG,AIV,AJG,AKAM,ALB,ALK,ALK,ALK,ALK
ADBE,ADI,ADM,ADP,ADP,ADP,ADSK,ADSK,AEE,AEP,AES,AES,AET,AES,AES,AES,AEP,AES,AFL,AFL,AFL,AFL,AGN,AIG,AIV,AIZ,AKAM,ALB,ALK,ALL,ALL,ALL,ALL
ADI,ADM,ADP,ADSK,ADSK,ADSK,AEE,AEE,AEP,AES,AET,AET,AFL,AET,AET,AET,AES,AET,AGN,AGN,AGN,AGN,AIG,AIV,AIZ,AKAM,ALB,ALK,ALL,ALLE,ALLE,ALLE,ALLE
ADM,ADP,ADSK,AEE,AEE,AEE,AEP,AEP,AES,AET,AFL,AFL,AGN,AFL,AFL,AFL,AET,AFL,AIG,AIG,AIG,AIG,AIV,AIZ,AKAM,ALL,ALK,ALL,ALLE,ALXN,ALXN,ALXN,ALXN
ADP,ADSK,AEE,AEP,AEP,AEP,AES,AES,AET,AFL,AGN,AGN,AIG,AGN,AGN,AGN,AFL,AGN,AIV,AIV,AIV,AIV,AIZ,AKAM,ALL,ALLE,ALL,ALLE,ALXN,AMAT,AMAT,AMAT,AMAT
ADSK,AEE,AEP,AES,AES,AES,AET,AET,AFL,AGN,AIG,AIG,AIV,AIG,AIG,AIG,AGN,AIG,AIZ,AIZ,AIZ,AIZ,AKAM,ALL,ALLE,ALXN,ALLE,ALXN,AMAT,AMD,AMD,AMD,AMD
AEE,AEP,AES,AET,AET,AET,AFL,AFL,AGN,AIG,AIV,AIV,AIZ,AIV,AIV,AIV,AIG,AIV,AKAM,AKAM,AKAM,AKAM,ALL,ALLE,ALXN,AMAT,ALXN,AMAT,AME,AME,AME,AME,AME
AEP,AES,AET,AFL,AFL,AFL,AGN,AGN,AIG,AIV,AIZ,AIZ,AKAM,AIZ,AIZ,AIZ,AIV,AIZ,ALL,ALL,ALL,ALL,ALLE,ALXN,AMAT,AME,AMAT,AME,AMG,AMG,AMG,AMG,AMG
AES,AET,AFL,AGN,AGN,AGN,AIG,AIG,AIV,AIZ,AKAM,AKAM,ALL,AKAM,AKAM,AKAM,AIZ,AKAM,ALLE,ALLE,ALLE,ALLE,ALXN,AMAT,AME,AMG,AME,AMG,AMGN,AMGN,AMGN,AMGN,AMGN
AET,AFL,AGN,AIG,AIG,AIG,AIV,AIV,AIZ,AKAM,ALL,ALL,ALXN,ALL,ALL,ALL,AKAM,ALL,ALXN,ALXN,ALXN,ALXN,AMAT,AME,AMG,AMGN,AMG,AMGN,AMP,AMP,AMP,AMP,AMP
AFL,AGN,AIG,AIV,AIV,AIV,AIZ,AIZ,AKAM,ALL,ALXN,ALXN,AMAT,ALXN,ALXN,ALXN,ALL,ALLE,AMAT,AMAT,AMAT,AMAT,AME,AMG,AMGN,AMP,AMGN,AMP,AMT,AMT,AMT,AMT,AMT
AGN,AIG,AIV,AIZ,AIZ,AIZ,AKAM,AKAM,ALL,AMAT,AMAT,AMAT,AMD,AMAT,AMAT,AMAT,ALLE,ALXN,AME,AME,AME,AME,AMG,AMGN,AMP,AMT,AMP,AMT,AMZN,AMZN,AMZN,AMZN,AMZN
AIG,AIV,AIZ,AKAM,AKAM,AKAM,AKS,AKS,AMAT,AMD,AMD,AMD,AMGN,AMD,AMD,AME,ALXN,AMAT,AMG,AMG,AMG,AMG,AMGN,AMP,AMT,AMZN,AMT,AMZN,AN,AN,AN,ANDV,ANDV
AIV,AIZ,AKAM,AKS,AKS,AKS,ALL,ALL,AMD,AMGN,AMGN,AMGN,AMP,AMGN,AMGN,AMGN,AMAT,AME,AMGN,AMGN,AMGN,AMGN,AMP,AMT,AMZN,AN,AMZN,AN,ANDV,ANDV,ANDV,ANSS,ANSS
AIZ,AKAM,AKS,ALL,ALL,ALL,AMAT,AMAT,AMGN,AMP,AMP,AMP,AMT,AMP,AMP,AMP,AME,AMGN,AMP,AMP,AMP,AMP,AMT,AMZN,AN,ANDV,AN,ANDV,ANTM,ANTM,ANSS,ANTM,ANTM
AKAM,AKS,ALL,AMAT,AMAT,AMAT,AMD,AMD,AMP,AMT,AMT,AMT,AMZN,AMT,AMT,AMT,AMGN,AMP,AMT,AMT,AMT,AMT,AMZN,AN,ANDV,ANTM,ANDV,ANTM,AON,AON,ANTM,AON,AON
AKS,ALL,AMAT,AMD,AMD,AMD,AMGN,AMGN,AMT,AMZN,AMZN,AMZN,AN,AMZN,AMZN,AMZN,AMP,AMT,AMZN,AMZN,AMZN,AMZN,AN,ANDV,ANTM,AON,ANTM,AON,APA,APA,AON,AOS,AOS
ALL,AMAT,AMD,AMGN,AMGN,AMGN,AMP,AMP,AMZN,AN,AN,AN,ANDV,AN,AN,AN,AMT,AMZN,AN,AN,AN,AN,ANDV,ANTM,AON,APA,AON,APA,APC,APC,APA,APA,APA
AMAT,AMD,AMGN,AMP,AMP,AMP,AMT,AMT,AN,ANDV,ANDV,ANDV,ANF,ANDV,ANDV,ANDV,AMZN,AN,ANDV,ANDV,ANDV,ANDV,ANTM,AON,APA,APC,APA,APC,APD,APD,APC,APC,APC
AMD,AMGN,AMP,AMT,AMT,AMT,AMZN,AMZN,ANDV,ANF,ANF,ANF,ANTM,ANF,ANF,ANF,AN,ANDV,ANTM,ANTM,ANTM,ANTM,AON,APA,APC,APD,APC,APD,APH,APH,APD,APD,APD
AMGN,AMP,AMT,AMZN,AMZN,AMZN,AN,AN,ANF,ANRZQ,ANRZQ,ANRZQ,AON,ANTM,ANTM,ANTM,ANDV,ANTM,AON,AON,AON,AON,APA,APC,APD,APH,APD,APH,APTV,APTV,APH,APH,APH
AMP,AMT,AMZN,AN,AN,AN,ANDV,ANDV,ANRZQ,ANTM,ANTM,ANTM,APA,AON,AON,AON,ANTM,AON,APA,APA,APA,APA,APC,APD,APH,APTV,APH,APTV,ARNC,ARE,APTV,APTV,APTV
AMT,AMZN,AN,ANDV,ANDV,ANDV,ANF,ANF,ANTM,AON,AON,AON,APC,APA,APA,APA,AON,APA,APC,APC,APC,APC,APD,APH,APTV,ARG,APTV,ATVI,ATVI,ARNC,ARE,ARE,ARE
AMZN,AN,ANDV,ANF,ANF,ANF,ANRZQ,ANRZQ,AON,APA,APA,APA,APD,APC,APC,APC,APA,APC,APD,APD,APD,APD,APH,APTV,ARG,ATVI,ATVI,AVB,AVB,ATVI,ARNC,ARNC,ARNC
AN,ANDV,ANF,ANTM,ANTM,ANTM,ANTM,ANTM,APA,APC,APC,APC,APH,APD,APD,APD,APC,APD,APH,APH,APH,APH,APTV,ARG,ATVI,AVB,AVB,AVGO,AVGO,AVB,ATVI,ATVI,ATVI
ANDV,ANF,ANTM,AON,AON,AON,AON,AON,APC,APD,APD,APD,APOL,APH,APH,APH,APD,APH,APTV,APTV,APTV,APTV,ARG,ATVI,AVB,AVGO,AVGO,AVY,AVY,AVGO,AVB,AVB,AVB
ANF,ANTM,AON,APA,APA,APA,APA,APA,APD,APH,APH,APH,APTV,APOL,APTV,APTV,APH,APTV,ARG,ARG,ARG,ARG,ATI,AVB,AVGO,AVY,AVY,AWK,AWK,AVY,AVGO,AVGO,AVGO
ANTM,AON,APA,APC,APC,APC,APC,APC,APH,APOL,APOL,APOL,ARG,APTV,ARG,ARG,APTV,ARG,ATI,ATI,ATI,ATI,AVB,AVGO,AVY,AWK,AWK,AXP,AXP,AWK,AVY,AVY,AVY
AON,APA,APC,APD,APD,APD,APD,APD,APOL,ARG,ARG,ARG,ATI,ARG,ATI,ATI,ARG,ATI,AVB,AVB,AVB,AVB,AVGO,AVY,AXP,AXP,AXP,AYI,AYI,AXP,AWK,AWK,AWK
APA,APC,APD,APH,APH,APH,APH,APH,ARG,ATGE,ATGE,ATI,AVB,ATI,AVB,AVB,ATI,AVB,AVGO,AVGO,AVGO,AVGO,AVY,AXP,AZO,AZO,AYI,AZO,AZO,AYI,AXP,AXP,AXP
APC,APD,APH,APOL,APOL,APOL,APOL,APOL,ATGE,ATI,ATI,AVB,AVP,AVB,AVP,AVP,AVB,AVP,AVP,AVP,AVP,AVY,AXP,AZO,BA,BA,AZO,BA,BA,AZO,AYI,AYI,AYI
APD,APH,APOL,ARG,ARG,ARG,ARG,ARG,ATI,AVB,AVB,AVP,AVY,AVP,AVY,AVY,AVP,AVY,AVY,AVY,AVY,AXP,AZO,BA,BAC,BAC,BA,BAC,BAC,BA,AZO,AZO,AZO
APH,APOL,ARG,ATGE,ATGE,ATGE,ATGE,ATGE,AVB,AVP,AVP,AVY,AXP,AVY,AXP,AXP,AVY,AXP,AXP,AXP,AXP,AZO,BA,BAC,BAX,BAX,BAC,BAX,BAX,BAC,BA,BA,BA
APOL,ARG,ATGE,ATI,ATI,ATI,ATI,ATI,AVP,AVY,AVY,AXP,AZO,AXP,AZO,AZO,AXP,AZO,AZO,AZO,AZO,BA,BAC,BAX,BBBY,BBBY,BAX,BBBY,BBBY,BAX,BAC,BAC,BAC
ARG,ATGE,ATI,AVB,AVB,AVB,AVB,AVB,AVY,AXP,AXP,AZO,BA,AZO,BA,BA,AZO,BA,BA,BA,BA,BAC,BAX,BBBY,BBT,BBT,BBBY,BBT,BBT,BBBY,BAX,BAX,BAX
ATGE,ATI,AVB,AVP,AVP,AVP,AVP,AVP,AXP,AZO,AZO,BA,BAC,BA,BAC,BAC,BA,BAC,BAC,BAC,BAC,BAX,BBBY,BBT,BBY,BBY,BBT,BBY,BBY,BBT,BBBY,BBT,BBT
ATI,AVB,AVP,AVY,AVY,AVY,AVY,AVY,AZO,BA,BA,BAC,BAX,BAC,BAX,BAX,BAC,BAX,BAX,BAX,BAX,BBBY,BBT,BBY,BCR,BCR,BBY,BCR,BCR,BBY,BBT,BBY,BBY
AVB,AVP,AVY,AXP,AXP,AXP,AXP,AXP,BA,BAC,BAC,BAX,BBBY,BAX,BBBY,BBBY,BAX,BBBY,BBBY,BBBY,BBBY,BBT,BBY,BCR,BDX,BDX,BCR,BDX,BDX,BCR,BBY,BCR,BCR
AVP,AVY,AXP,AYE,AYE,AZO,AZO,AZO,BAC,BAX,BAX,BBBY,BBT,BBBY,BBT,BBT,BBBY,BBT,BBT,BBT,BBT,BBY,BCR,BDX,BEN,BEN,BDX,BEN,BEN,BDX,BCR,BDX,BDX
AVY,AXP,AYE,AZO,AZO,BA,BA,BA,BAX,BBBY,BBBY,BBT,BBY,BBT,BBY,BBY,BBT,BBY,BBY,BBY,BBY,BCR,BDX,BEN,BF/B,BF/B,BEN,BF/B,BF/B,BEN,BDX,BEN,BEN
AXP,AYE,AZO,BA,BA,BAC,BAC,BAC,BBBY,BBT,BBT,BBY,BCR,BBY,BCR,BCR,BBY,BCR,BCR,BCR,BCR,BDX,BEN,BF/B,BHI,BHI,BF/B,BHI,BHI,BF/B,BEN,BF/B,BF/B
AYE,AZO,BA,BAC,BAC,BAX,BAX,BAX,BBT,BBY,BBY,BCR,BDX,BCR,BDX,BDX,BCR,BDX,BDX,BDX,BDX,BEN,BF/B,BHI,BIIB,BIIB,BHI,BIIB,BIIB,BHI,BF/B,BHF,BHF
AZO,BA,BAC,BAX,BAX,BBBY,BBBY,BBBY,BBY,BCR,BCR,BDX,BEAM,BDX,BEAM,BEAM,BDX,BEAM,BEN,BEN,BEN,BF/B,BHI,BIIB,BK,BK,BIIB,BK,BK,BIIB,BHI,BHGE,BHGE
BA,BAC,BAX,BBBY,BBBY,BBT,BBT,BBT,BCR,BDX,BDX,BEAM,BEN,BEAM,BEN,BEN,BEAM,BEN,BF/B,BF/B,BF/B,BHI,BIIB,BK,BKNG,BKNG,BK,BKNG,BKNG,BK,BIIB,BIIB,BIIB
BAC,BAX,BBBY,BBT,BBT,BBY,BBY,BBY,BDX,BEAM,BEAM,BEN,BF/B,BEN,BF/B,BF/B,BEN,BF/B,BHI,BHI,BHI,BIIB,BK,BKNG,BLK,BLK,BKNG,BLK,BLK,BKNG,BK,BK,BK
BAX,BBBY,BBT,BBY,BBY,BCR,BCR,BCR,BEAM,BEN,BEN,BF/B,BHI,BF/B,BHI,BHI,BF/B,BHI,BIIB,BIIB,BIIB,BK,BKNG,BLK,BLL,BLL,BLK,BLL,BLL,BLK,BKNG,BKNG,BKNG
BBBY,BBT,BBY,BCR,BCR,BDX,BDX,BDX,BEN,BF/B,BF/B,BHI,BIG,BHI,BIIB,BIIB,BHI,BIIB,BK,BK,BK,BKNG,BLK,BLL,BMY,BMY,BLL,BMY,BMY,BLL,BLK,BLK,BLK
BBT,BBY,BCR,BDX,BDX,BEAM,BEAM,BEAM,BF/B,BHI,BHI,BIG,BIIB,BIIB,BK,BK,BIIB,BK,BKNG,BKNG,BKNG,BLK,BLL,BMY,BRCM,BRK/B,BMY,BRK/B,BRK/B,BMY,BLL,BLL,BLL
BBY,BCR,BDX,BEAM,BEAM,BEN,BEN,BEN,BHI,BIG,BIG,BIIB,BK,BK,BKNG,BKNG,BK,BKNG,BLK,BLK,BLK,BLL,BMY,BRCM,BRK/B,BSX,BRK/B,BSX,BSX,BRK/B,BMY,BMY,BMY
BCR,BDX,BEAM,BEN,BEN,BF/B,BF/B,BF/B,BIG,BIIB,BIIB,BK,BKNG,BKNG,BLK,BLK,BKNG,BLK,BLL,BLL,BLL,BMY,BRCM,BRK/B,BSX,BWA,BSX,BWA,BWA,BSX,BRK/B,BRK/B,BRK/B
BDK,BEAM,BEN,BF/B,BF/B,BHI,BHI,BHI,BIIB,BK,BK,BKNG,BLK,BLK,BLL,BLL,BLK,BLL,BMS,BMS,BMY,BRCM,BRK/B,BSX,BWA,BXLT,BWA,BXP,BXP,BWA,BSX,BSX,BSX
BDX,BEN,BF/B,BHI,BHI,BIG,BIG,BIG,BK,BKNG,BKNG,BLK,BLL,BLL,BMC,BMS,BLL,BMS,BMY,BMY,BRCM,BRK/B,BSX,BWA,BXLT,BXP,BXP,C,C,BXP,BWA,BWA,BWA
BEAM,BF/B,BHI,BIG,BIG,BIIB,BIIB,BIIB,BKNG,BLK,BLK,BLL,BMC,BMC,BMS,BMY,BMS,BMY,BRCM,BRCM,BRK/B,BSX,BWA,BXLT,BXP,C,C,CA,CA,C,BXP,BXP,BXP
BEN,BHI,BIG,BIIB,BIIB,BK,BK,BK,BLK,BLL,BLL,BMC,BMS,BMS,BMY,BRCM,BMY,BRCM,BRK/B,BRK/B,BSX,BWA,BXLT,BXP,C,CA,CA,CAG,CAG,CA,C,C,C
BF/B,BIG,BIIB,BK,BK,BKNG,BKNG,BKNG,BLL,BMC,BMC,BMS,BMY,BMY,BRCM,BRK/B,BRCM,BRK/B,BSX,BSX,BWA,BXP,BXP,C,CA,CAG,CAG,CAH,CAH,CAG,CA,CA,CA
BHI,BIIB,BK,BKNG,BKNG,BLL,BLK,BLK,BMC,BMS,BMS,BMY,BRCM,BRCM,BRK/B,BSX,BRK/B,BSX,BTUUQ,BWA,BXP,C,C,CA,CAG,CAH,CAH,CAT,CAT,CAH,CAG,CAG,CAG
BIG,BK,BKNG,BLL,BLL,BMC,BLL,BLL,BMS,BMY,BMY,BRCM,BRK/B,BRK/B,BSX,BTUUQ,BSX,BTUUQ,BWA,BXP,C,CA,CA,CAG,CAH,CAM,CAT,CB,CB,CAT,CAH,CAH,CAH
BIIB,BKNG,BLL,BMC,BMC,BMS,BMC,BMC,BMY,BRCM,BRCM,BRK/B,BSX,BSX,BTUUQ,BWA,BTUUQ,BWA,BXP,C,CA,CAG,CAG,CAH,CAM,CAT,CB,CBRE,CBRE,CB,CAT,CAT,CAT
BK,BLL,BMC,BMS,BMS,BMY,BMS,BMS,BRCM,BRK/B,BRK/B,BSX,BTUUQ,BTUUQ,BWA,BXP,BWA,BXP,C,CA,CAG,CAH,CAH,CAM,CAT,CB,CBRE,CBS,CBS,CBOE,CB,CB,CB
BKNG,BMC,BMS,BMY,BMY,BRCM,BMY,BMY,BRK/B,BSX,BSX,BTUUQ,BWA,BWA,BXP,C,BXP,C,CA,CAG,CAH,CAM,CAM,CAT,CB,CBRE,CBS,CCI,CCI,CBRE,CBOE,CBOE,CBOE
BLL,BMS,BMY,BRCM,BRCM,BRK/B,BRCM,BRCM,BSX,BTUUQ,BTUUQ,BWA,BXP,BXP,C,CA,C,CA,CAG,CAH,CAM,CAT,CAT,CB,CBRE,CBS,CCI,CCL,CCL,CBS,CBRE,CBRE,CBRE
BMC,BMY,BRCM,BRK/B,BRK/B,BSX,BRK/B,BRK/B,BTUUQ,BWA,BWA,BXP,C,C,CA,CAG,CA,CAG,CAH,CAM,CAT,CB,CB,CBRE,CBS,CCEP,CCL,CELG,CELG,CCI,CBS,CBS,CBS
BMS,BRCM,BRK/B,BSX,BSX,BTUUQ,BSX,BSX,BWA,BXP,BXP,C,CA,CA,CAG,CAH,CAG,CAH,CAM,CAT,CB,CBRE,CBRE,CBS,CCEP,CCI,CELG,CERN,CERN,CCL,CCI,CCI,CCI
BMY,BRK/B,BSX,BTUUQ,BTUUQ,BXP,BTUUQ,BTUUQ,BXP,C,C,CA,CAG,CAG,CAH,CAM,CAH,CAM,CAT,CB,CBRE,CBS,CBS,CCEP,CCI,CCL,CERN,CF,CF,CELG,CCL,CCL,CCL
BNI,BSX,BTUUQ,BXP,BXP,C,BXP,BXP,C,CA,CA,CAG,CAH,CAH,CAM,CAT,CAM,CAT,CB,CBRE,CBS,CCEP,CCEP,CCI,CCL,CELG,CF,CFG,CFG,CERN,CELG,CDNS,CDNS
BRCM,BTUUQ,BXP,C,C,CA,C,C,CA,CAG,CAG,CAH,CAM,CAM,CAT,CB,CAT,CB,CBRE,CBS,CCEP,CCI,CCI,CCL,CELG,CERN,CFG,CHD,CHD,CF,CERN,CELG,CELG
BSX,BXP,C,CA,CA,CAG,CA,CA,CAG,CAH,CAH,CAM,CAT,CAT,CB,CBRE,CB,CBRE,CBS,CCEP,CCI,CCL,CCL,CELG,CERN,CF,CHD,CHK,CHK,CFG,CF,CERN,CERN
BTUUQ,C,CA,CAG,CAG,CAH,CAG,CAG,CAH,CAM,CAM,CAT,CB,CB,CBRE,CBS,CBRE,CBS,CCEP,CCI,CCL,CELG,CELG,CERN,CF,CFG,CHK,CHRW,CHRW,CHD,CFG,CF,CF
BXP,CA,CAG,CAH,CAH,CAM,CAH,CAH,CAM,CAT,CAT,CB,CBRE,CBRE,CBS,CCEP,CBS,CCEP,CCI,CCL,CELG,CERN,CERN,CF,CHD,CHD,CHRW,CHTR,CHTR,CHK,CHD,CFG,CFG
C,CAG,CAH,CAM,CAM,CAT,CAM,CAM,CAT,CB,CB,CBE,CBS,CBS,CCEP,CCI,CCEP,CCI,CCL,CELG,CERN,CF,CF,CHK,CHK,CHK,CI,CI,CI,CHRW,CHK,CHD,CHD
CA,CAH,CAM,CAT,CAT,CB,CAT,CAT,CB,CBE,CBE,CBRE,CCEP,CCEP,CCI,CCL,CCI,CCL,CELG,CERN,CF,CHK,CHK,CHRW,CHRW,CHRW,CINF,CINF,CINF,CHTR,CHRW,CHK,CHK
CAG,CAM,CAT,CB,CB,CBRE,CB,CB,CBE,CBRE,CBRE,CBS,CCI,CCI,CCL,CELG,CCL,CELG,CERN,CF,CFN,CHRW,CHRW,CI,CI,CI,CL,CL,CL,CI,CHTR,CHRW,CHRW
CAH,CAT,CBRE,CBRE,CBRE,CBS,CBRE,CBRE,CBRE,CBS,CBS,CCEP,CCL,CCL,CELG,CERN,CELG,CERN,CF,CFN,CHK,CI,CI,CINF,CINF,CINF,CLX,CLX,CLX,CINF,CI,CHTR,CHTR
CAM,CBRE,CBS,CBS,CBS,CCEP,CBS,CBS,CBS,CCEP,CCEP,CCI,CELG,CELG,CERN,CF,CERN,CF,CFN,CHK,CHRW,CINF,CINF,CL,CL,CL,CMA,CMA,CMA,CL,CINF,CI,CI
CAT,CBS,CCEP,CCEP,CCEP,CCL,CCEP,CCEP,CCEP,CCI,CCI,CCL,CERN,CERN,CF,CFN,CF,CFN,CHK,CHRW,CI,CL,CL,CLX,CLX,CLX,CMCSA,CMCSA,CMCSA,CLX,CL,CINF,CINF
CBRE,CCEP,CCL,CCL,CCL,CEG,CCL,CCL,CCL,CCL,CCL,CELG,CF,CF,CFN,CHK,CFN,CHK,CHRW,CI,CINF,CLX,CLX,CMA,CMA,CMA,CME,CME,CME,CMA,CLX,CL,CL
CBS,CCL,CEG,CEG,CEG,CELG,CEG,CEG,CEG,CELG,CELG,CERN,CFN,CFN,CHK,CHRW,CHK,CHRW,CI,CINF,CL,CMA,CMA,CMCSA,CMCSA,CMCSA,CMG,CMG,CMG,CMCSA,CMA,CLX,CLX
CCEP,CEG,CELG,CELG,CELG,CEPH,CELG,CELG,CELG,CERN,CERN,CF,CHK,CHK,CHRW,CI,CHRW,CI,CINF,CL,CLX,CMCSA,CMCSA,CMCSK,CME,CME,CMI,CMI,CMI,CME,CMCSA,CMA,CMA
CCL,CELG,CEPH,CEPH,CEPH,CERN,CEPH,CEPH,CERN,CF,CF,CFN,CHRW,CHRW,CI,CINF,CI,CINF,CL,CLX,CMA,CME,CME,CME,CMG,CMG,CMS,CMS,CMS,CMG,CME,CMCSA,CMCSA
CEG,CEPH,CERN,CERN,CERN,CF,CERN,CERN,CF,CFN,CFN,CHK,CI,CI,CINF,CL,CINF,CL,CLX,CMA,CMCSA,CMG,CMG,CMG,CMI,CMI,CNC,CNC,CNC,CMI,CMG,CME,CME
CELG,CF,CF,CF,CF,CFN,CF,CF,CFN,CHK,CHK,CHRW,CINF,CINF,CL,CLF,CL,CLF,CMA,CMCSA,CME,CMI,CMI,CMI,CMS,CMS,CNP,CNP,CNP,CMS,CMI,CMG,CMG
CEPH,CFN,CFN,CFN,CFN,CHK,CFN,CFN,CHK,CHRW,CHRW,CI,CL,CL,CLF,CLX,CLF,CLX,CMCSA,CME,CMG,CMS,CMS,CMS,CNP,CNC,COF,COF,COF,CNC,CMS,CMI,CMI
CF,CHK,CHK,CHK,CHK,CHRW,CHK,CHK,CHRW,CI,CI,CINF,CLF,CLF,CLX,CMA,CLX,CMA,CME,CMG,CMI,CNP,CNP,CNP,CNX,CNP,COG,COG,COG,CNP,CNC,CMS,CMS
CFN,CHRW,CHRW,CHRW,CHRW,CI,CHRW,CHRW,CI,CINF,CINF,CL,CLX,CLX,CMA,CMCSA,CMA,CMCSA,CMG,CMI,CMS,CNX,CNX,CNX,COF,COF,COL,COL,COL,COF,CNP,CNC,CNC
CHK,CI,CI,CI,CI,CINF,CI,CI,CINF,CL,CL,CLF,CMA,CMA,CMCSA,CME,CMCSA,CME,CMI,CMS,CNP,COF,COF,COF,COG,COG,COP,COO,COO,COG,COF,CNP,CNP
CHRW,CINF,CINF,CINF,CINF,CL,CINF,CINF,CL,CLF,CLF,CLX,CMCSA,CMCSA,CME,CMG,CME,CMG,CMS,CNP,CNX,COG,COG,COG,COL,COL,COST,COP,COP,COL,COG,COF,COF
CI,CL,CL,CL,CL,CLF,CL,CL,CLF,CLX,CLX,CMA,CME,CME,CMG,CMI,CMG,CMI,CNP,CNX,COF,COL,COL,COL,COP,COP,CPB,COST,COST,COO,COL,COG,COG
CINF,CLF,CLF,CLF,CLF,CLX,CLF,CLF,CLX,CMA,CMA,CMCSA,CMG,CMG,CMI,CMS,CMI,CMS,CNX,COF,COG,COP,COP,COP,COST,COST,CPGX,CPB,COTY,COP,COO,COL,COL
CL,CLX,CLX,CLX,CLX,CMA,CLX,CLX,CMA,CMCSA,CMCSA,CME,CMI,CMI,CMS,CNP,CMS,CNP,COF,COG,COL,COST,COST,COST,CPB,CPB,CRM,CRM,CPB,COST,COP,COO,COO
CLF,CMA,CMA,CMA,CMA,CMCSA,CMA,CMA,CMCSA,CME,CME,CMG,CMS,CMS,CNP,CNX,CNP,CNX,COG,COL,COP,CPB,CPB,CPB,CPGX,CPGX,CSCO,CSCO,CRM,COTY,COST,COP,COP
CLX,CMCSA,CMCSA,CMCSA,CMCSA,CME,CMCSA,CMCSA,CME,CMG,CMG,CMI,CNP,CNP,CNX,COF,CNX,COF,COL,COP,COST,CRM,CRM,CPGX,CRM,CRM,CSRA,CSRA,CSCO,CPB,COTY,COST,COST
CMA,CME,CME,CME,CME,CMI,CME,CME,CMG,CMI,CMI,CMS,CNX,CNX,COF,COG,COF,COG,COP,COST,COV,CSC,CSC,CRM,CSCO,CSCO,CSX,CSX,CSRA,CRM,CPB,COTY,COTY
CMCSA,CMI,CMI,CMI,CMI,CMS,CMG,CMG,CMI,CMS,CMS,CNP,COF,COF,COG,COL,COG,COL,COST,COV,CPB,CSCO,CSCO,CSC,CSRA,CSRA,CTAS,CTAS,CSX,CSCO,CRM,CPB,CPB
CME,CMS,CMS,CMS,CMS,CNP,CMI,CMI,CMS,CNP,CNP,CNX,COG,COG,COL,COP,COL,COP,COV,CPB,CRM,CSX,CSX,CSCO,CSX,CSX,CTL,CTL,CTAS,CSRA,CSCO,CRM,CRM
CMI,CNP,CNP,CNP,CNP,CNX,CMS,CMS,CNP,CNX,CNX,COF,COL,COL,COP,COST,COP,COST,CPB,CRM,CSC,CTAS,CTAS,CSX,CTAS,CTAS,CTSH,CTSH,CTL,CSX,CSRA,CSCO,CSCO
CMS,CNX,CNX,CNX,CNX,COF,CNP,CNP,CNX,COF,COF,COG,COP,COP,COST,COV,COST,COV,CRM,CSC,CSCO,CTL,CTL,CTAS,CTL,CTL,CTXS,CTXS,CTSH,CTAS,CSX,CSRA,CSRA
CNP,COF,COF,COF,COF,COG,CNX,CNX,COF,COG,COG,COL,COST,COST,COV,CPB,COV,CPB,CSC,CSCO,CSX,CTSH,CTSH,CTL,CTSH,CTSH,CVS,CVS,CTXS,CTL,CTAS,CSX,CSX
CNX,COG,COG,COG,COG,COL,COF,COF,COG,COL,COL,COP,COV,COV,CPB,CRM,CPB,CRM,CSCO,CSX,CTAS,CTXS,CTXS,CTSH,CTXS,CTXS,CVX,CVX,CVS,CTSH,CTL,CTAS,CTAS
COF,COL,COL,COL,COL,COP,COG,COG,COL,COP,COP,COST,CPB,CPB,CRM,CSC,CRM,CSC,CSX,CTAS,CTL,CVC,CVC,CTXS,CVC,CVC,CXO,CXO,CVX,CTXS,CTSH,CTL,CTL
COG,COP,COP,COP,COP,COST,COL,COL,COP,COST,COST,COV,CRM,CRM,CSC,CSCO,CSC,CSCO,CTAS,CTL,CTSH,CVS,CVS,CVC,CVS,CVS,D,D,CXO,CVS,CTXS,CTSH,CTSH
COL,COST,COST,COST,COST,COV,COP,COP,COST,COV,COV,CPB,CSC,CSC,CSCO,CSX,CSCO,CSX,CTL,CTSH,CTXS,CVX,CVX,CVS,CVX,CVX,DAL,DAL,D,CVX,CVS,CTXS,CTXS
COP,CPB,CPB,CPB,CPB,CPB,COST,COST,COV,CPB,CPB,CRM,CSCO,CSCO,CSX,CTAS,CSX,CTAS,CTSH,CTXS,CVC,D,D,CVX,D,CXO,DD,DD,DAL,CXO,CVX,CVS,CVS
COST,CRM,CRM,CRM,CRM,CRM,COV,COV,CPB,CRM,CRM,CSC,CSX,CSX,CTAS,CTL,CTAS,CTL,CTXS,CVC,CVS,DAL,DAL,D,DAL,D,DE,DE,DD,D,CXO,CVX,CVX
CPB,CSC,CSC,CSC,CSC,CSC,CPB,CPB,CRM,CSC,CSC,CSCO,CTAS,CTAS,CTL,CTSH,CTL,CTSH,CVC,CVS,CVX,DD,DD,DAL,DD,DAL,DFS,DFS,DE,DAL,D,CXO,CXO
CRM,CSCO,CSCO,CSCO,CSCO,CSCO,CRM,CRM,CSC,CSCO,CSCO,CSX,CTL,CTL,CTSH,CTXS,CTSH,CTXS,CVS,CVX,D,DE,DE,DD,DE,DD,DG,DG,DFS,DD,DAL,D,D
CSC,CSX,CSX,CSX,CSX,CSX,CSC,CSC,CSCO,CSX,CSX,CTAS,CTSH,CTSH,CTXS,CVC,CTXS,CVC,CVX,D,DAL,DFS,DFS,DE,DFS,DE,DGX,DGX,DG,DE,DD,DAL,DAL
CSCO,CTAS,CTAS,CTAS,CTAS,CTAS,CSCO,CSCO,CSX,CTAS,CTAS,CTL,CTXS,CTXS,CVC,CVS,CVC,CVS,D,DAL,DD,DG,DG,DFS,DG,DFS,DHI,DHI,DGX,DFS,DE,DE,DE
CSX,CTL,CTL,CTL,CTL,CTL,CSX,CSX,CTAS,CTL,CTL,CTSH,CVC,CVC,CVS,CVX,CVS,CVX,DAL,DD,DE,DGX,DGX,DG,DGX,DG,DHR,DHR,DHI,DG,DFS,DFS,DFS
CTAS,CTSH,CTSH,CTSH,CTSH,CTSH,CTAS,CTAS,CTL,CTSH,CTSH,CTXS,CVH,CVH,CVX,D,CVX,D,DD,DE,DFS,DHI,DHI,DGX,DHI,DGX,DIS,DIS,DHR,DGX,DG,DG,DG
CTL,CTXS,CTXS,CTXS,CTXS,CTXS,CTL,CTL,CTSH,CTXS,CTXS,CVC,CVS,CVS,D,DAL,D,DAL,DE,DFS,DG,DHR,DHR,DHI,DHR,DHI,DISCA,DISCA,DIS,DHI,DGX,DGX,DGX
CTSH,CVH,CVH,CVH,CVC,CVC,CTSH,CTSH,CTXS,CVC,CVC,CVH,CVX,CVX,DD,DD,DAL,DD,DFS,DG,DGX,DIS,DIS,DHR,DIS,DHR,DISCK,DISCK,DISCA,DHR,DHI,DHI,DHI
CTXS,CVS,CVS,CVS,CVH,CVH,CTXS,CTXS,CVC,CVH,CVH,CVS,D,D,DE,DE,DD,DE,DG,DGX,DHI,DISCA,DISCA,DIS,DISCA,DIS,DLR,DLR,DISCK,DIS,DHR,DHR,DHR
CVH,CVX,CVX,CVX,CVS,CVS,CVC,CVC,CVH,CVS,CVS,CVX,DD,DD,DELL,DELL,DE,DFS,DGX,DHI,DHR,DISCK,DISCK,DISCA,DISCK,DISCA,DLTR,DLTR,DLR,DISCA,DIS,DIS,DIS
CVS,D,D,D,CVX,CVX,CVH,CVH,CVS,CVX,CVX,D,DE,DE,DFS,DFS,DFS,DG,DHI,DHR,DIS,DLTR,DLTR,DISCK,DLTR,DISCK,DNB,DNB,DLTR,DISCK,DISCA,DISCA,DISCA
CVX,DD,DD,DD,D,D,CVS,CVS,CVX,D,D,DD,DELL,DELL,DG,DG,DG,DGX,DHR,DIS,DISCA,DNB,DNB,DLTR,DNB,DLTR,DO,DO,DNB,DISH,DISCK,DISCK,DISCK
D,DE,DE,DE,DD,DD,CVX,CVX,D,DD,DD,DE,DF,DF,DGX,DGX,DGX,DHI,DIS,DISCA,DISCK,DO,DO,DNB,DO,DNB,DOV,DOV,DOV,DLR,DISH,DISH,DISH
DD,DELL,DELL,DELL,DE,DE,D,D,DD,DE,DE,DELL,DFS,DFS,DHI,DHI,DHI,DHR,DISCA,DISCK,DLTR,DOV,DOV,DO,DOV,DO,DOW,DOW,DOW,DLTR,DLR,DLR,DLR
DE,DF,DF,DF,DELL,DELL,DD,DD,DE,DELL,DELL,DF,DG,DG,DHR,DHR,DHR,DIS,DLTR,DLTR,DNB,DOW,DOW,DOV,DOW,DOV,DRI,DRI,DRI,DNB,DLTR,DLTR,DLTR
DELL,DFS,DFS,DFS,DF,DF,DE,DE,DELL,DF,DF,DFS,DGX,DGX,DIS,DIS,DIS,DISCA,DNB,DNB,DNR,DRI,DRI,DOW,DRI,DOW,DTE,DTE,DTE,DOV,DOV,DOV,DOV
DF,DGX,DGX,DGX,DFS,DFS,DELL,DELL,DF,DFS,DFS,DGX,DHI,DHI,DISCA,DISCA,DISCA,DLTR,DNR,DNR,DO,DTE,DTE,DRI,DTE,DRI,DUK,DUK,DUK,DOW,DOW,DRE,DRE
DFS,DHI,DHI,DHI,DGX,DGX,DF,DF,DFS,DGX,DGX,DHI,DHR,DHR,DLTR,DLTR,DLTR,DNB,DO,DO,DOV,DUK,DUK,DTE,DUK,DTE,DVA,DVA,DVA,DRI,DRI,DRI,DRI
DGX,DHR,DHR,DHR,DHI,DHI,DFS,DFS,DGX,DHI,DHI,DHR,DIS,DIS,DNB,DNB,DNB,DNR,DOV,DOV,DOW,DVA,DVA,DUK,DVA,DUK,DVN,DVN,DVN,DTE,DTE,DTE,DTE
DHI,DIS,DIS,DIS,DHR,DHR,DGX,DGX,DHI,DHR,DHR,DIS,DISCA,DISCA,DNR,DNR,DNR,DO,DOW,DOW,DRI,DVN,DVN,DVA,DVN,DVA,EA,EA,EA,DUK,DUK,DUK,DUK
DHR,DISCA,DISCA,DISCA,DIS,DIS,DHI,DHI,DHR,DIS,DIS,DISCA,DLTR,DLTR,DO,DO,DO,DOV,DRI,DRI,DTE,EA,EA,DVN,EA,DVN,EBAY,EBAY,EBAY,DVA,DVA,DVA,DVA
DIS,DNB,DNB,DNB,DISCA,DISCA,DHR,DHR,DIS,DISCA,DISCA,DLTR,DNB,DNB,DOV,DOV,DOV,DOW,DTE,DTE,DUK,EBAY,EBAY,EA,EBAY,EA,ECL,ECL,ECL,DVN,DVN,DVN,DVN
DNB,DNR,DNR,DNR,DNB,DNB,DIS,DIS,DISCA,DLTR,DLTR,DNB,DNR,DNR,DOW,DOW,DOW,DRI,DUK,DUK,DVA,ECL,ECL,EBAY,ECL,EBAY,ED,ED,ED,EA,DXC,DWDP,DWDP
DNR,DO,DO,DO,DNR,DNR,DISCA,DISCA,DLTR,DNB,DNB,DNR,DO,DO,DRI,DRI,DRI,DTE,DVA,DVA,DVN,ED,ED,ECL,ED,ECL,EFX,EFX,EFX,EBAY,EA,DXC,DXC
DO,DOV,DOV,DOV,DO,DO,DNB,DNB,DNB,DNR,DNR,DO,DOV,DOV,DTE,DTE,DTE,DUK,DVN,DVN,EA,EFX,EFX,ED,EFX,ED,EIX,EIX,EIX,ECL,EBAY,EA,EA
DOV,DOW,DOW,DOW,DOV,DOV,DNR,DNR,DNR,DO,DO,DOV,DOW,DOW,DUK,DUK,DUK,DVA,EA,EA,EBAY,EIX,EIX,EFX,EIX,EFX,EL,EL,EL,ED,ECL,EBAY,EBAY
DOW,DRI,DRI,DRI,DOW,DOW,DO,DO,DO,DOV,DOV,DOW,DRI,DRI,DVA,DVA,DVA,DVN,EBAY,EBAY,ECL,EL,EL,EIX,EL,EIX,EMC,EMN,EMN,EFX,ED,ECL,ECL
DRI,DTE,DTE,DTE,DRI,DRI,DOV,DOV,DOV,DOW,DOW,DRI,DTE,DTE,DVN,DVN,DVN,EA,ECL,ECL,ED,EMC,EMC,EL,EMC,EL,EMN,EMR,EMR,EIX,EFX,ED,ED
DTE,DUK,DUK,DUK,DTE,DTE,DOW,DOW,DOW,DRI,DRI,DTE,DUK,DUK,EA,EA,EA,EBAY,ED,ED,EFX,EMN,EMN,EMC,EMN,EMC,EMR,ENDP,ENDP,EL,EIX,EFX,EFX
DUK,DVA,DVA,DVA,DUK,DUK,DRI,DRI,DRI,DTE,DTE,DUK,DVA,DVA,EBAY,EBAY,EBAY,ECL,EFX,EFX,EIX,EMR,EMR,EMN,EMR,EMN,ENDP,EOG,EOG,EMN,EL,EIX,EIX
DVA,DVN,DVN,DVN,DVA,DVA,DTE,DTE,DTE,DUK,DUK,DVA,DVN,DVN,ECL,ECL,ECL,ED,EIX,EIX,EL,ENDP,ENDP,EMR,ENDP,EMR,EOG,EQIX,EQIX,EMR,EMN,EL,EL
DVN,EA,EA,EA,DVN,DVN,DUK,DUK,DUK,DVA,DVA,DVN,EA,EA,ED,ED,ED,EFX,EL,EL,EMC,EOG,EOG,ENDP,EOG,ENDP,EQIX,EQR,EQR,EOG,EMR,EMN,EMN
EA,EBAY,EBAY,EBAY,EA,EA,DVA,DVA,DVA,DVN,DVN,EA,EBAY,EBAY,EFX,EFX,EFX,EIX,EMC,EMC,EMN,EQIX,EQIX,EOG,EQIX,EOG,EQR,EQT,EQT,EQIX,EOG,EMR,EMR
EBAY,ECL,ECL,ECL,EBAY,EBAY,DVN,DVN,DVN,EA,EA,EBAY,ECL,ECL,EIX,EIX,EIX,EL,EMN,EMN,EMR,EQR,EQR,EQIX,EQR,EQIX,EQT,ES,ES,EQR,EQIX,EOG,EOG
ECL,ED,ED,ED,ECL,ECL,EA,EA,EA,EBAY,EBAY,ECL,ED,ED,EL,EL,EL,EMC,EMR,EMR,EOG,EQT,EQT,EQR,EQT,EQR,ES,ESRX,ESRX,EQT,EQR,EQIX,EQIX
ED,EFX,EFX,EFX,ED,ED,EBAY,EBAY,EBAY,ECL,ECL,ED,EFX,EFX,EMC,EMC,EMC,EMN,EOG,EOG,EQR,ES,ES,EQT,ES,EQT,ESRX,ESS,ESS,ES,EQT,EQR,EQR
EFX,EIX,EIX,EIX,EFX,EFX,ECL,ECL,ECL,ED,ED,EFX,EIX,EIX,EMN,EMN,EMN,EMR,EQR,EQR,EQT,ESRX,ESRX,ES,ESRX,ES,ESS,ETFC,ETFC,ESRX,ES,EQT,EQT
EIX,EKDKQ,EKDKQ,EKDKQ,EIX,EIX,ED,ED,ED,EFX,EFX,EIX,EL,EL,EMR,EMR,EMR,EOG,EQT,EQT,ES,ESS,ESS,ESRX,ESS,ESRX,ETFC,ETN,ETN,ESS,ESRX,ES,ES
EKDKQ,EL,EL,EL,EL,EL,EFX,EFX,EFX,EIX,EIX,EL,EMC,EMC,EOG,EOG,EOG,EQR,ES,ES,ESRX,ESV,ESV,ESS,ESV,ESS,ETN,ETR,ETR,ETFC,ESS,ESRX,ESRX
EL,EMC,EMC,EMC,EMC,EMC,EIX,EIX,EIX,EL,EL,EMC,EMN,EMN,EQR,EQR,EQR,EQT,ESRX,ESRX,ESS,ETFC,ETFC,ESV,ETFC,ETFC,ETR,EW,EVHC,ETN,ETFC,ESS,ESS
EMC,EMN,EMN,EMN,EMN,EMN,EL,EL,EL,EMC,EMC,EMN,EMR,EMR,EQT,EQT,EQT,ES,ESS,ESS,ESV,ETN,ETN,ETFC,ETN,ETN,EW,EXC,EW,ETR,ETN,ETFC,ETFC
EMN,EMR,EMR,EMR,EMR,EMR,EMC,EMC,EMC,EMN,EMN,EMR,EOG,EOG,ES,ES,ES,ESRX,ESV,ESV,ETFC,ETR,ETR,ETN,ETR,ETR,EXC,EXPD,EXC,EVHC,ETR,ETN,ETN
EMR,EOG,EOG,EOG,EOG,EOG,EMN,EMN,EMN,EMR,EMR,EOG,EQR,EQR,ESRX,ESRX,ESRX,ESV,ETFC,ETFC,ETN,EW,EW,ETR,EW,EW,EXPD,EXPE,EXPD,EW,EVHC,ETR,ETR
EOG,EP,EP,EP,EP,EP,EMR,EMR,EMR,EOG,EOG,EQR,EQT,EQT,ESV,ESV,ESV,ETFC,ETN,ETN,ETR,EXC,EXC,EW,EXC,EXC,EXPE,EXR,EXPE,EXC,EW,EVHC,EVHC
EP,EQR,EQR,EQR,EQR,EQR,EOG,EOG,EOG,EP,EQR,EQT,ES,ES,ETFC,ETFC,ETFC,ETN,ETR,ETR,EW,EXPD,EXPD,EXC,EXPD,EXPD,EXR,F,EXR,EXPD,EXC,EW,EW
EQR,EQT,EQT,EQT,EQT,EQT,EP,EP,EP,EQR,EQT,ES,ESRX,ESRX,ETN,ETN,ETN,ETR,EW,EW,EXC,EXPE,EXPE,EXPD,EXPE,EXPE,F,FAST,F,EXPE,EXPD,EXC,EXC
EQT,ES,ES,ES,ES,ES,EQR,EQR,EQR,EQT,ES,ESRX,ESV,ESV,ETR,ETR,ETR,EW,EXC,EXC,EXPD,F,F,EXPE,F,EXR,FAST,FB,FAST,EXR,EXPE,EXPD,EXPD
ES,ESRX,ESRX,ESRX,ESRX,ESRX,EQT,EQT,EQT,ES,ESRX,ESV,ETFC,ETFC,EW,EW,EW,EXC,EXPD,EXPD,EXPE,FAST,FAST,F,FAST,F,FB,FBHS,FB,F,EXR,EXPE,EXPE
ESRX,ETFC,ETFC,ETFC,ETFC,ETFC,ES,ES,ES,ESRX,ETFC,ETFC,ETN,ETN,EXC,EXC,EXC,EXPD,EXPE,EXPE,F,FB,FB,FAST,FB,FAST,FBHS,FCX,FBHS,FAST,F,EXR,EXR
ETFC,ETN,ETN,ETN,ETN,ETN,ESRX,ESRX,ESRX,ETFC,ETN,ETN,ETR,ETR,EXPD,EXPD,EXPD,EXPE,F,F,FAST,FCX,FCX,FB,FCX,FB,FCX,FDX,FCX,FB,FAST,F,F
ETN,ETR,ETR,ETR,ETR,ETR,ETFC,ETFC,ETFC,ETN,ETR,ETR,EW,EW,EXPE,EXPE,EXPE,F,FAST,FAST,FB,FDO,FDO,FCX,FDX,FCX,FDX,FE,FDX,FBHS,FB,FAST,FAST
ETR,EXC,EXC,EXC,EXC,EW,ETN,ETN,ETN,ETR,EW,EW,EXC,EXC,F,F,F,FAST,FB,FB,FCX,FDX,FDX,FDX,FE,FDX,FE,FFIV,FE,FCX,FBHS,FB,FB
EXC,EXPD,EXPD,EXPD,EXPD,EXC,ETR,ETR,ETR,EW,EXC,EXC,EXPD,EXPD,FAST,FAST,FAST,FB,FCX,FCX,FDO,FE,FE,FE,FFIV,FE,FFIV,FIS,FFIV,FDX,FCX,FBHS,FBHS
EXPD,EXPE,EXPE,EXPE,EXPE,EXPD,EW,EW,EW,EXC,EXPD,EXPD,EXPE,EXPE,FCX,FCX,FB,FCX,FDO,FDO,FDX,FFIV,FFIV,FFIV,FIS,FFIV,FIS,FISV,FIS,FE,FDX,FCX,FCX
EXPE,F,F,F,F,EXPE,EXC,EXC,EXC,EXPD,EXPE,EXPE,F,F,FDO,FDO,FCX,FDO,FDX,FDX,FE,FIS,FIS,FIS,FISV,FIS,FISV,FITB,FISV,FFIV,FE,FDX,FDX
F,FAST,FAST,FAST,FAST,F,EXPD,EXPD,EXPD,EXPE,F,F,FAST,FAST,FDX,FDX,FDO,FDX,FE,FE,FFIV,FISV,FISV,FISV,FITB,FISV,FITB,FL,FITB,FIS,FFIV,FE,FE
FAST,FCX,FCX,FCX,FCX,FAST,EXPE,EXPE,EXPE,F,FAST,FAST,FCX,FCX,FE,FE,FDX,FE,FFIV,FFIV,FIS,FITB,FITB,FITB,FLIR,FITB,FL,FLIR,FL,FISV,FIS,FFIV,FFIV
FCX,FDO,FDO,FDO,FDO,FCX,F,F,F,FAST,FCX,FCX,FDO,FDO,FFIV,FFIV,FE,FFIV,FIS,FIS,FISV,FLIR,FLIR,FLIR,FLR,FLIR,FLIR,FLR,FLIR,FITB,FISV,FIS,FIS
FDO,FDX,FDX,FDX,FDX,FDO,FAST,FAST,FAST,FCX,FDO,FDO,FDX,FDX,FIS,FIS,FFIV,FIS,FISV,FISV,FITB,FLR,FLR,FLR,FLS,FLR,FLR,FLS,FLR,FL,FITB,FISV,FISV
FDX,FE,FE,FE,FE,FDX,FCX,FCX,FCX,FDO,FDX,FDX,FE,FE,FISV,FISV,FIS,FISV,FITB,FITB,FLIR,FLS,FLS,FLS,FMC,FLS,FLS,FMC,FLS,FLIR,FL,FITB,FITB
FE,FHN,FHN,FHN,FFIV,FE,FDO,FDO,FDO,FDX,FE,FE,FFIV,FFIV,FITB,FITB,FISV,FITB,FLIR,FLIR,FLR,FMC,FMC,FMC,FOSL,FMC,FMC,FOX,FMC,FLR,FLIR,FL,FL
FHN,FII,FII,FII,FHN,FFIV,FDX,FDX,FDX,FE,FFIV,FFIV,FHN,FHN,FLIR,FLIR,FITB,FLIR,FLR,FLR,FLS,FOSL,FOSL,FOSL,FOX,FOX,FOX,FOXA,FOX,FLS,FLR,FLIR,FLIR
FII,FIS,FIS,FIS,FII,FHN,FE,FE,FE,FFIV,FHN,FHN,FII,FIS,FLR,FLR,FLIR,FLR,FLS,FLS,FMC,FOXA,FOXA,FOX,FOXA,FOXA,FOXA,FRT,FOXA,FMC,FLS,FLR,FLR
FIS,FISV,FISV,FISV,FIS,FII,FFIV,FFIV,FFIV,FHN,FII,FII,FIS,FISV,FLS,FLS,FLR,FLS,FMC,FMC,FOSL,FSLR,FSLR,FOXA,FSLR,FRT,FRT,FSLR,FRT,FOX,FMC,FLS,FLS
FISV,FITB,FITB,FITB,FISV,FIS,FHN,FHN,FHN,FII,FIS,FIS,FISV,FITB,FMC,FMC,FLS,FMC,FOSL,FOSL,FOXA,FTI,FTI,FSLR,FTI,FSLR,FSLR,FTI,FSLR,FOXA,FOX,FMC,FMC
FITB,FLIR,FLIR,FLIR,FITB,FISV,FII,FII,FII,FIS,FISV,FISV,FITB,FLIR,FOSL,FOSL,FMC,FOSL,FOXA,FOXA,FSLR,FTR,FTR,FTI,FTR,FTI,FTI,FTR,FTI,FRT,FOXA,FOX,FOX
FLIR,FLR,FLR,FLR,FLIR,FITB,FIS,FIS,FIS,FISV,FITB,FITB,FLIR,FLR,FOXA,FOXA,FOSL,FOXA,FSLR,FSLR,FTI,GAS,GAS,FTR,GAS,FTR,FTR,FTV,FTR,FTI,FRT,FOXA,FOXA
FLR,FLS,FLS,FLS,FLR,FLIR,FISV,FISV,FISV,FITB,FLIR,FLIR,FLR,FLS,FRX,FRX,FOXA,FRX,FTI,FTI,FTR,GD,GD,GAS,GD,GAS,GD,GD,FTV,FTV,FTI,FRT,FRT
FLS,FMC,FMC,FMC,FLS,FLR,FITB,FITB,FITB,FLIR,FLR,FLR,FLS,FMC,FSLR,FSLR,FRX,FSLR,FTR,FTR,GAS,GE,GE,GD,GE,GD,GE,GE,GD,GD,FTV,FTI,FTI
FMC,FOXA,FOXA,FOXA,FMC,FLS,FLIR,FLIR,FLIR,FLR,FLS,FLS,FMC,FOSL,FTI,FTI,FSLR,FTI,GAS,GAS,GD,GGP,GGP,GE,GGP,GE,GGP,GGP,GE,GE,GD,FTV,FTV
FOXA,FRX,FRX,FRX,FOXA,FMC,FLR,FLR,FLR,FLS,FMC,FMC,FOSL,FOXA,FTR,FTR,FTI,FTR,GD,GD,GE,GILD,GILD,GGP,GILD,GGP,GILD,GILD,GGP,GGP,GE,GD,GD
FRX,FSLR,FSLR,FSLR,FRX,FOXA,FLS,FLS,FLS,FMC,FOSL,FOSL,FOXA,FRX,GAS,GAS,FTR,GAS,GE,GE,GGP,GIS,GIS,GILD,GIS,GILD,GIS,GIS,GILD,GILD,GGP,GE,GE
FSLR,FTI,FTI,FTI,FSLR,FRX,FMC,FMC,FMC,FOXA,FOXA,FOXA,FRX,FSLR,GD,GD,GAS,GD,GGP,GGP,GILD,GLW,GLW,GIS,GLW,GIS,GLW,GLW,GIS,GIS,GILD,GGP,GGP
FTI,FTR,FTR,FTR,FTI,FSLR,FOXA,FOXA,FOXA,FRX,FRX,FRX,FSLR,FTI,GE,GE,GD,GE,GHC,GILD,GIS,GM,GM,GLW,GM,GLW,GM,GM,GLW,GLW,GIS,GILD,GILD
FTR,GD,GD,GD,FTR,FTI,FRX,FRX,FRX,FSLR,FSLR,FSLR,FTI,FTR,GHC,GHC,GE,GGP,GILD,GIS,GLW,GMCR,GMCR,GM,GMCR,GM,GOOG,GOOG,GM,GM,GLW,GIS,GIS
GD,GE,GE,GE,GD,FTR,FSLR,FSLR,FSLR,FTI,FTI,FTI,FTR,GAS,GILD,GILD,GGP,GHC,GIS,GLW,GM,GME,GME,GMCR,GME,GME,GOOGL,GOOGL,GOOG,GOOG,GM,GLW,GLW
GE,GENZ,GENZ,GENZ,GE,GD,FTI,FTI,FTI,FTR,FTR,FTR,GAS,GD,GIS,GIS,GHC,GILD,GLW,GM,GMCR,GNW,GNW,GME,GOOG,GOOG,GPC,GPC,GOOGL,GOOGL,GOOG,GM,GM
GENZ,GHC,GHC,GHC,GENZ,GE,FTR,FTR,FTR,GAS,GAS,GAS,GD,GE,GLW,GLW,GILD,GIS,GM,GMCR,GME,GOOG,GOOG,GNW,GOOGL,GOOGL,GPN,GPN,GPC,GPC,GOOGL,GOOG,GOOG
GHC,GILD,GILD,GILD,GHC,GENZ,GD,GD,GAS,GD,GD,GD,GE,GHC,GM,GM,GIS,GLW,GMCR,GME,GNW,GOOGL,GOOGL,GOOG,GPC,GPC,GPS,GPS,GPN,GPN,GPC,GOOGL,GOOGL
GILD,GIS,GIS,GIS,GILD,GHC,GE,GE,GD,GE,GE,GE,GHC,GILD,GME,GME,GLW,GM,GME,GNW,GOOG,GPC,GPC,GOOGL,GPS,GPS,GRMN,GRMN,GPS,GPS,GPN,GPC,GPC
GIS,GLW,GLW,GLW,GIS,GILD,GHC,GHC,GE,GHC,GHC,GHC,GILD,GIS,GNW,GNW,GM,GMCR,GNW,GOOG,GOOGL,GPS,GPS,GPC,GRMN,GRMN,GS,GS,GRMN,GRMN,GPS,GPN,GPN
GLW,GME,GME,GME,GLW,GIS,GILD,GILD,GHC,GILD,GILD,GILD,GIS,GLW,GOOGL,GOOGL,GME,GME,GOOG,GOOGL,GPC,GRMN,GRMN,GPS,GS,GS,GT,GT,GS,GS,GRMN,GPS,GPS
GME,GNW,GNW,GNW,GME,GLW,GIS,GIS,GILD,GIS,GIS,GIS,GLW,GME,GPC,GPC,GNW,GNW,GOOGL,GPC,GPS,GS,GS,GRMN,GT,GT,GWW,GWW,GT,GT,GS,GRMN,GRMN
GNW,GOOGL,GOOGL,GOOGL,GNW,GME,GLW,GLW,GIS,GLW,GLW,GLW,GME,GNW,GPS,GPS,GOOGL,GOOGL,GPC,GPS,GRMN,GT,GT,GS,GWW,GWW,HAL,HAL,GWW,GWW,GT,GS,GS
GOOGL,GPC,GPC,GPC,GOOGL,GNW,GME,GME,GLW,GME,GME,GME,GNW,GOOGL,GRMN,GRMN,GPC,GPC,GPS,GRMN,GS,GWW,GWW,GT,HAL,HAL,HAR,HAR,HAL,HAL,GWW,GT,GT
GPC,GPS,GPS,GPS,GPC,GOOGL,GNW,GNW,GME,GNW,GNW,GNW,GOOGL,GPC,GS,GS,GPS,GPS,GRMN,GS,GT,HAL,HAL,GWW,HAR,HAR,HAS,HAS,HAR,HAS,HAL,GWW,GWW
GPS,GR,GR,GR,GPS,GPC,GOOGL,GOOGL,GNW,GOOGL,GOOGL,GOOGL,GPC,GPS,GT,GT,GRMN,GRMN,GS,GT,GWW,HAR,HAR,HAL,HAS,HAS,HBAN,HBAN,HAS,HBAN,HAS,HAL,HAL
GR,GS,GS,GS,GR,GPS,GPC,GPC,GOOGL,GPC,GPC,GPC,GPS,GRMN,GWW,GWW,GS,GS,GT,GWW,HAL,HAS,HAS,HAR,HBAN,HBAN,HBI,HBI,HBAN,HBI,HBAN,HAS,HAS
GS,GT,GT,GT,GS,GR,GPS,GPS,GPC,GPS,GPS,GPS,GRMN,GS,HAL,HAL,GT,GT,GWW,HAL,HAR,HBAN,HBAN,HAS,HBI,HBI,HCA,HCA,HBI,HCA,HBI,HBAN,HBAN
GT,GWW,GWW,GWW,GT,GS,GR,GR,GPS,GR,GR,GS,GS,GT,HAR,HAR,GWW,GWW,HAL,HAR,HAS,HBI,HBI,HBAN,HCA,HCA,HCP,HCP,HCA,HCP,HCA,HBI,HBI
GWW,HAL,HAL,HAL,GWW,GT,GS,GS,GR,GS,GS,GT,GT,GWW,HAS,HAS,HAL,HAL,HAR,HAS,HBAN,HCA,HCA,HBI,HCP,HCP,HD,HD,HCP,HD,HCP,HCA,HCA
HAL,HAR,HAR,HAR,HAL,GWW,GT,GT,GS,GT,GT,GWW,GWW,HAL,HBAN,HBAN,HAR,HAR,HAS,HBAN,HCBK,HCBK,HCBK,HCA,HD,HD,HES,HES,HD,HES,HD,HCP,HCP
HAR,HAS,HAS,HAS,HAR,HAL,GWW,GWW,GT,GWW,GWW,HAL,HAL,HAR,HCBK,HCBK,HAS,HAS,HBAN,HCBK,HCP,HCP,HCP,HCBK,HES,HES,HIG,HIG,HES,HIG,HES,HD,HD
HAS,HBAN,HBAN,HBAN,HAS,HAR,HAL,HAL,GWW,HAL,HAL,HAR,HAR,HAS,HCP,HCP,HBAN,HBAN,HCBK,HCP,HD,HD,HD,HCP,HIG,HIG,HOG,HOG,HIG,HOG,HIG,HES,HES
HBAN,HCBK,HCBK,HCBK,HBAN,HAS,HAR,HAR,HAL,HAR,HAR,HAS,HAS,HBAN,HD,HD,HCBK,HCBK,HCP,HD,HES,HES,HES,HD,HOG,HOG,HOLX,HOLX,HOG,HOLX,HLT,HIG,HIG
HCBK,HCP,HCP,HCP,HCBK,HBAN,HAS,HAS,HAR,HAS,HAS,HBAN,HBAN,HCBK,HES,HES,HCP,HCP,HD,HES,HIG,HIG,HIG,HES,HON,HOLX,HON,HON,HOLX,HON,HOG,HLT,HLT
HCP,HD,HD,HD,HCP,HCBK,HBAN,HBAN,HAS,HBAN,HBAN,HCBK,HCBK,HCP,HIG,HIG,HD,HD,HES,HIG,HOG,HOG,HOG,HIG,HOT,HON,HOT,HP,HON,HP,HOLX,HOG,HOG
HD,HES,HES,HES,HD,HCP,HCBK,HCBK,HBAN,HCBK,HCBK,HCP,HCP,HD,HOG,HOG,HES,HES,HIG,HOG,HON,HON,HON,HOG,HP,HOT,HP,HPE,HP,HPE,HON,HOLX,HOLX
HES,HIG,HIG,HIG,HES,HD,HCP,HCP,HCBK,HCP,HCP,HD,HD,HES,HON,HON,HIG,HIG,HOG,HON,HOT,HOT,HOT,HON,HPE,HP,HPE,HPQ,HPE,HPQ,HP,HON,HON
HIG,HNZ,HNZ,HNZ,HIG,HES,HD,HD,HCP,HD,HD,HES,HES,HIG,HOT,HOT,HOG,HOG,HON,HOT,HP,HP,HP,HOT,HPQ,HPE,HPQ,HRB,HPQ,HRB,HPE,HP,HP
HNZ,HOG,HOG,HOG,HNZ,HIG,HES,HES,HD,HES,HES,HIG,HIG,HNZ,HP,HP,HON,HON,HOT,HP,HPQ,HPQ,HPQ,HP,HRB,HPQ,HRB,HRL,HRB,HRL,HPQ,HPE,HPE
HOG,HON,HON,HON,HOG,HNZ,HIG,HIG,HES,HIG,HIG,HNZ,HNZ,HOG,HPQ,HPQ,HOT,HOT,HP,HPQ,HRB,HRB,HRB,HPQ,HRL,HRB,HRL,HRS,HRL,HRS,HRB,HPQ,HPQ
HON,HOT,HOT,HOT,HON,HOG,HNZ,HNZ,HIG,HNZ,HNZ,HOG,HOG,HON,HRB,HRB,HP,HP,HPQ,HRB,HRL,HRL,HRL,HRB,HRS,HRL,HRS,HSIC,HRS,HSIC,HRL,HRB,HRB
HOT,HP,HP,HP,HOT,HON,HOG,HOG,HNZ,HOG,HOG,HON,HON,HOT,HRL,HRL,HPQ,HPQ,HRB,HRL,HRS,HRS,HRS,HRL,HSIC,HRS,HSIC,HST,HSIC,HST,HRS,HRL,HRL
HPQ,HPQ,HPQ,HPQ,HP,HOT,HON,HON,HOG,HON,HON,HOT,HOT,HP,HRS,HRS,HRB,HRB,HRL,HRS,HSP,HSIC,HSIC,HRS,HST,HSIC,HST,HSY,HST,HSY,HSIC,HRS,HRS
HRB,HRB,HRB,HRB,HPQ,HP,HOT,HOT,HON,HOT,HOT,HP,HP,HPQ,HSP,HSP,HRL,HRL,HRS,HSP,HST,HSP,HSP,HSIC,HSY,HST,HSY,HUM,HSY,HUM,HST,HSIC,HSIC
HRL,HRL,HRL,HRL,HRB,HPQ,HP,HP,HOT,HP,HP,HPQ,HPQ,HRB,HST,HST,HRS,HRS,HSP,HST,HSY,HST,HST,HST,HUM,HSY,HUM,IBM,HUM,IBM,HSY,HST,HST
HRS,HRS,HRS,HRS,HRL,HRB,HPQ,HPQ,HP,HPQ,HPQ,HRB,HRB,HRL,HSY,HSY,HSP,HSP,HST,HSY,HUM,HSY,HSY,HSY,IBM,HUM,IBM,ICE,IBM,ICE,HUM,HSY,HSY
HSH,HSH,HSH,HSH,HRS,HRL,HRB,HRB,HPQ,HRB,HRB,HRL,HRL,HRS,HUM,HUM,HST,HST,HSY,HUM,IBM,HUM,HUM,HUM,ICE,IBM,ICE,IFF,ICE,IDXX,IBM,HUM,HUM
HSP,HSP,HSP,HSP,HSH,HRS,HRL,HRL,HRB,HRL,HRL,HRS,HRS,HSP,IBM,IBM,HSY,HSY,HUM,IBM,ICE,IBM,IBM,IBM,IFF,ICE,IFF,ILMN,IFF,IFF,ICE,IBM,IBM
HST,HST,HST,HST,HSP,HSH,HRS,HRS,HRL,HRS,HRS,HSP,HSP,HST,ICE,ICE,HUM,HUM,IBM,ICE,IFF,ICE,ICE,ICE,ILMN,IFF,ILMN,INTC,ILMN,ILMN,IDXX,ICE,ICE
HSY,HSY,HSY,HSY,HST,HSP,HSH,HSH,HRS,HSH,HSP,HST,HST,HSY,IFF,IFF,IBM,IBM,ICE,IFF,INTC,IFF,IFF,IFF,INTC,ILMN,INTC,INTU,INTC,INCY,IFF,IDXX,IDXX
HUM,HUM,HUM,HUM,HSY,HST,HSP,HSP,HSH,HSP,HST,HSY,HSY,HUM,INTC,INTC,ICE,ICE,IFF,INTC,INTU,INTC,INTC,INTC,INTU,INTC,INTU,IP,INTU,INTC,ILMN,IFF,IFF
IBM,IBM,IBM,IBM,HUM,HSY,HST,HST,HSP,HST,HSY,HUM,HUM,IBM,INTU,INTU,IFF,IFF,INTC,INTU,IP,INTU,INTU,INTU,IP,INTU,IP,IPG,IP,INTU,INCY,ILMN,ILMN
ICE,ICE,ICE,ICE,IBM,HUM,HSY,HSY,HST,HSY,HUM,IBM,IBM,ICE,IP,IP,INTC,INTC,INTU,IP,IPG,IP,IP,IP,IPG,IP,IPG,IR,IPG,IP,INFO,INCY,INCY
IFF,IFF,IFF,IFF,ICE,IBM,HUM,HUM,HSY,HUM,IBM,ICE,ICE,IFF,IPG,IPG,INTU,INTU,IP,IPG,IR,IPG,IPG,IPG,IR,IPG,IR,IRM,IR,IPG,INTC,INFO,INFO
INTC,INTC,INTC,INTC,IFF,ICE,IBM,IBM,HUM,IBM,ICE,IFF,IFF,INTC,IR,IR,IP,IP,IPG,IR,IRM,IR,IR,IR,IRM,IR,IRM,ISRG,IRM,IR,INTU,INTC,INTC
INTU,INTU,INTU,INTU,INTC,IFF,ICE,ICE,IBM,ICE,IFF,INTC,INTC,INTU,IRM,IRM,IPG,IPG,IR,IRM,ISRG,IRM,IRM,IRM,ISRG,IRM,ISRG,ITW,ISRG,IRM,IP,INTU,INTU
IP,IP,IP,IP,INTU,INTC,IFF,IFF,ICE,IFF,INTC,INTU,INTU,IP,ISRG,ISRG,IR,IR,IRM,ISRG,ITW,ISRG,ISRG,ISRG,ITW,ISRG,ITW,IVZ,ITW,ISRG,IPG,IP,IP
IPG,IPG,IPG,IPG,IP,INTU,INTC,INTC,IFF,INTC,INTU,IP,IP,IPG,ITW,ITW,IRM,IRM,ISRG,ITW,IVZ,ITW,ITW,ITW,IVZ,ITW,IVZ,JBHT,IVZ,ITW,IR,IPG,IPG
IRM,IRM,IRM,IRM,IPG,IP,INTU,INTU,INTC,INTU,IP,IPG,IPG,IR,IVZ,IVZ,ISRG,ISRG,ITW,IVZ,JCI,IVZ,IVZ,IVZ,JBHT,IVZ,JBHT,JCI,JBHT,IVZ,IRM,IQV,IQV
ISRG,ISRG,ISRG,ISRG,IR,IPG,IP,IP,INTU,IP,IPG,IR,IR,IRM,JBL,JBL,ITW,ITW,IVZ,JBL,JEC,JCI,JBHT,JBHT,JCI,JBHT,JCI,JEC,JCI,JBHT,ISRG,IR,IR
ITT,ITT,ITT,ITT,IRM,IR,IPG,IPG,IP,IPG,IR,IRM,IRM,ISRG,JCI,JCI,IVZ,IVZ,JBL,JCI,JEF,JEC,JCI,JCI,JEC,JCI,JEC,JEF,JEC,JCI,IT,IRM,IRM
ITW,ITW,ITW,ITW,ISRG,IRM,IR,IR,IPG,IR,IRM,ISRG,ISRG,ITW,JCP,JCP,JBL,JBL,JCI,JEC,JNJ,JEF,JEC,JEC,JEF,JEC,JEF,JNJ,JEF,JEC,ITW,ISRG,ISRG
IVZ,IVZ,IVZ,IVZ,ITT,ISRG,IRM,IRM,IR,IRM,ISRG,ITW,ITW,IVZ,JEC,JEC,JCI,JCI,JEC,JEF,JNPR,JNJ,JEF,JEF,JNJ,JEF,JNJ,JNPR,JNJ,JEF,IVZ,IT,IT
JAVA,JBL,JBL,JBL,ITW,ITT,ISRG,ISRG,IRM,ISRG,ITW,IVZ,IVZ,JBL,JEF,JEF,JEC,JEC,JEF,JNJ,JOY,JNPR,JNJ,JNJ,JNPR,JNJ,JNPR,JPM,JNPR,JNJ,JBHT,ITW,ITW
JBL,JCP,JCP,JCI,IVZ,ITW,ITT,ITT,ISRG,ITW,IVZ,JBL,JBL,JCI,JNJ,JNJ,JEF,JEF,JNJ,JNPR,JPM,JOY,JNPR,JNPR,JPM,JNPR,JPM,JWN,JPM,JNPR,JCI,IVZ,IVZ
JCP,JEC,JEC,JCP,JBL,IVZ,ITW,ITW,ITW,IVZ,JBL,JCI,JCI,JCP,JNPR,JNPR,JNJ,JNJ,JNPR,JOY,JWN,JPM,JOY,JOY,JWN,JPM,JWN,K,JWN,JPM,JEC,JBHT,JBHT
JEC,JEF,JEF,JEC,JCI,JBL,IVZ,IVZ,IVZ,JBL,JCI,JCP,JCP,JEC,JOY,JOY,JNPR,JNPR,JOY,JPM,K,JWN,JPM,JPM,K,JWN,K,KDP,K,JWN,JEF,JCI,JCI
JEF,JNJ,JNJ,JEF,JCP,JCI,JBL,JBL,JBL,JCI,JCP,JEC,JEC,JEF,JPM,JPM,JOY,JOY,JPM,JWN,KDP,K,JWN,JWN,KDP,K,KDP,KEY,KDP,K,JNJ,JEC,JEC
JNJ,JNPR,JNPR,JNJ,JEC,JCP,JCI,JCI,JCI,JCP,JEC,JEF,JEF,JNJ,JWN,JWN,JPM,JPM,JWN,K,KEY,KDP,K,K,KEY,KDP,KEY,KHC,KEY,KDP,JNPR,JEF,JEF
JNPR,JNS,JNS,JNPR,JEF,JEC,JCP,JCP,JCP,JEC,JEF,JNJ,JNJ,JNPR,K,K,JWN,JWN,K,KDP,KIM,KEY,KDP,KDP,KHC,KEY,KHC,KIM,KHC,KEY,JPM,JNJ,JNJ
JNS,JPM,JPM,JNS,JNJ,JEF,JEC,JEC,JEC,JEF,JNJ,JNPR,JNPR,JOY,KDP,KDP,K,K,KDP,KEY,KLAC,KIM,KEY,KEY,KIM,KHC,KIM,KLAC,KIM,KHC,JWN,JNPR,JNPR
JPM,JWN,JWN,JPM,JNPR,JNJ,JEF,JEF,JEF,JNJ,JNPR,JOY,JOY,JPM,KEY,KEY,KDP,KDP,KEY,KIM,KMB,KLAC,KIM,KHC,KLAC,KIM,KLAC,KMB,KLAC,KIM,K,JPM,JPM
JWN,K,K,JWN,JNS,JNPR,JNJ,JNJ,JNJ,JNPR,JOY,JPM,JPM,JWN,KIM,KIM,KEY,KEY,KIM,KLAC,KMI,KMB,KLAC,KIM,KMB,KLAC,KMB,KMI,KMB,KLAC,KDP,JWN,JWN
K,KDP,KDP,K,JPM,JNS,JNPR,JNPR,JNPR,JOY,JPM,JWN,JWN,K,KLAC,KLAC,KIM,KIM,KLAC,KMB,KMX,KMI,KMB,KLAC,KMI,KMB,KMI,KMX,KMI,KMB,KEY,K,K
KDP,KEY,KEY,KDP,JWN,JOY,JNS,JNS,JOY,JPM,JWN,K,K,KDP,KMB,KMB,KLAC,KLAC,KMB,KMI,KO,KMX,KMI,KMB,KMX,KMI,KMX,KO,KMX,KMI,KHC,KDP,KDP
KEY,KG,KG,KEY,K,JPM,JOY,JOY,JPM,JWN,K,KDP,KDP,KEY,KMI,KMI,KMB,KMB,KMI,KMX,KORS,KO,KMX,KMI,KO,KMX,KO,KORS,KO,KMX,KIM,KEY,KEY
KG,KIM,KIM,KG,KDP,JWN,JPM,JPM,JWN,K,KDP,KEY,KEY,KIM,KMX,KMX,KMI,KMI,KMX,KO,KR,KORS,KO,KMX,KORS,KO,KORS,KR,KORS,KO,KLAC,KHC,KHC
KIM,KLAC,KLAC,KIM,KEY,K,JWN,JWN,K,KDP,KEY,KIM,KIM,KLAC,KO,KO,KMX,KMX,KO,KORS,KRFT,KR,KORS,KO,KR,KORS,KR,KSS,KR,KORS,KMB,KIM,KIM
KLAC,KMB,KMB,KLAC,KIM,KDP,K,K,KDP,KEY,KIM,KLAC,KLAC,KMB,KR,KR,KO,KO,KORS,KR,KSS,KRFT,KR,KORS,KSS,KR,KSS,KSU,KSS,KR,KMI,KLAC,KLAC
KMB,KO,KMX,KMB,KLAC,KEY,KDP,KDP,KEY,KIM,KLAC,KMB,KMB,KMI,KRFT,KRFT,KORS,KORS,KR,KRFT,KSU,KSS,KRFT,KR,KSU,KSS,KSU,L,KSU,KSS,KMX,KMB,KMB
KO,KR,KO,KMX,KMB,KIM,KEY,KEY,KIM,KLAC,KMB,KMI,KMI,KMX,KSS,KSS,KR,KR,KRFT,KSS,L,KSU,KSS,KSS,L,KSU,L,LB,L,KSU,KO,KMI,KMI
KR,KSS,KR,KO,KMX,KLAC,KIM,KIM,KLAC,KMB,KMI,KMX,KMX,KO,KSU,KSU,KRFT,KRFT,KSS,KSU,LB,L,KSU,KSU,LB,L,LB,LEG,LB,L,KORS,KMX,KMX
KSS,L,KSS,KR,KO,KMB,KLAC,KLAC,KMB,KMX,KMX,KO,KO,KR,L,L,KSS,KSS,KSU,L,LEG,LB,L,L,LEG,LB,LEG,LEN,LEG,LB,KR,KO,KO
L,LB,L,KSS,KR,KMX,KMB,KMB,KMX,KO,KO,KR,KR,KRFT,LB,LB,KSU,KSU,L,LB,LEN,LEG,LB,LB,LEN,LEG,LEN,LH,LEN,LEG,KSS,KORS,KORS
LB,LDOS,LB,L,KSS,KO,KMX,KMX,KO,KR,KR,KSS,KRFT,KSS,LDOS,LEG,L,L,LB,LEG,LH,LEN,LEG,LEG,LH,LEN,LH,LKQ,LH,LEN,KSU,KR,KR
LDOS,LEG,LDOS,LB,L,KR,KO,KO,KR,KSS,KSS,L,KSS,L,LEG,LEN,LB,LB,LEG,LEN,LLL,LH,LEN,LEN,LLL,LH,LKQ,LLL,LKQ,LH,L,KSS,KSS
LEG,LEN,LEG,LDOS,LB,KSS,KR,KR,KSS,L,L,LB,L,LB,LEN,LH,LEG,LEG,LEN,LH,LLTC,LLL,LH,LH,LLTC,LLL,LLL,LLTC,LLL,LKQ,LB,KSU,KSU
LEN,LH,LEN,LEG,LDOS,L,KSS,KSS,L,LB,LB,LDOS,LB,LDOS,LH,LLL,LEN,LEN,LH,LLL,LLY,LLTC,LLL,LLL,LLY,LLTC,LLTC,LLY,LLTC,LLL,LEG,L,L
LH,LLL,LH,LEN,LEG,LB,L,L,LB,LDOS,LDOS,LEG,LDOS,LEG,LLL,LLTC,LH,LH,LLL,LLTC,LM,LLY,LLTC,LLTC,LM,LLY,LLY,LM,LLY,LLY,LEN,LB,LB
LLL,LLTC,LLL,LH,LEN,LDOS,LB,LB,LDOS,LEG,LEG,LEN,LEG,LEN,LLTC,LLY,LLL,LLL,LLTC,LLY,LMT,LM,LLY,LLY,LMT,LM,LM,LMT,LMT,LMT,LH,LEG,LEG
LLTC,LLY,LLTC,LLL,LH,LEG,LDOS,LDOS,LEG,LEN,LEN,LH,LEN,LH,LLY,LM,LLTC,LLTC,LLY,LM,LNC,LMT,LM,LM,LNC,LMT,LMT,LNC,LNC,LNC,LKQ,LEN,LEN
LLY,LM,LLY,LLTC,LLL,LEN,LEG,LEG,LEN,LH,LH,LLL,LH,LLL,LM,LMT,LLY,LLY,LM,LMT,LO,LNC,LMT,LMT,LOW,LNC,LNC,LNT,LNT,LNT,LLL,LH,LH
LM,LMT,LM,LLY,LLTC,LH,LEN,LEN,LH,LLL,LLL,LLTC,LLL,LLTC,LMT,LNC,LM,LM,LMT,LNC,LOW,LO,LNC,LNC,LRCX,LOW,LNT,LOW,LOW,LOW,LLY,LKQ,LKQ
LMT,LNC,LMT,LM,LLY,LLL,LH,LH,LLL,LLTC,LLTC,LLY,LLTC,LLY,LNC,LO,LMT,LMT,LNC,LO,LRCX,LOW,LOW,LOW,LUV,LRCX,LOW,LRCX,LRCX,LRCX,LMT,LLL,LLL
LNC,LO,LNC,LMT,LM,LLTC,LLL,LLL,LLTC,LLY,LLY,LM,LLY,LM,LO,LOW,LNC,LNC,LO,LOW,LUV,LRCX,LRCX,LRCX,LVLT,LUV,LRCX,LUV,LUV,LUV,LNC,LLY,LLY
LO,LOW,LO,LNC,LMT,LLY,LLTC,LLTC,LLY,LM,LM,LMT,LM,LMT,LOW,LRCX,LO,LO,LOW,LRCX,LVLT,LUV,LUV,LUV,LYB,LVLT,LUV,LVLT,LVLT,LVLT,LNT,LMT,LMT
LOW,LUV,LOW,LO,LNC,LM,LLY,LLY,LM,LMT,LMT,LNC,LMT,LNC,LRCX,LUV,LOW,LOW,LRCX,LUV,LYB,LVLT,LVLT,LVLT,M,LYB,LVLT,LYB,LYB,LYB,LOW,LNC,LNC
LUV,LXK,LUV,LOW,LO,LMT,LM,LM,LMT,LNC,LNC,LO,LNC,LO,LUV,LYB,LRCX,LRCX,LUV,LYB,M,LYB,LYB,LYB,MA,M,LYB,M,M,M,LRCX,LNT,LNT
LXK,M,LXK,LUV,LOW,LNC,LMT,LMT,LNC,LO,LO,LOW,LO,LOW,LYB,M,LUV,LUV,LYB,M,MA,M,M,M,MAC,MA,M,MA,MA,MA,LUV,LOW,LOW
M,MA,M,LXK,LUV,LO,LNC,LNC,LO,LOW,LOW,LRCX,LOW,LRCX,M,MA,LYB,LYB,M,MA,MAC,MA,MA,MA,MAR,MAC,MA,MAC,MAA,MAA,LVLT,LRCX,LRCX
MA,MAR,MA,M,LXK,LOW,LO,LO,LOW,LUV,LRCX,LUV,LRCX,LUV,MA,MAC,M,M,MA,MAC,MAR,MAC,MAC,MAC,MAS,MAR,MAC,MAR,MAC,MAC,LYB,LUV,LUV
MAR,MAS,MAR,MA,M,LUV,LOW,LOW,LUV,LXK,LUV,LYB,LUV,LYB,MAC,MAR,MA,MA,MAC,MAR,MAS,MAR,MAR,MAR,MAT,MAS,MAR,MAS,MAR,MAR,M,LVLT,LYB
MAS,MAT,MAS,MAR,MA,LXK,LUV,LUV,LXK,M,LXK,M,LYB,M,MAR,MAS,MAC,MAC,MAR,MAS,MAT,MAS,MAS,MAS,MCD,MAT,MAS,MAT,MAS,MAS,MA,LYB,M
MAT,MCD,MAT,MAS,MAR,M,LXK,LXK,M,MA,M,MA,M,MA,MAS,MAT,MAR,MAR,MAS,MAT,MCD,MAT,MAT,MAT,MCHP,MCD,MAT,MCD,MAT,MAT,MAA,M,MA
MCD,MCHP,MCD,MAT,MAS,MA,M,M,MA,MAR,MA,MAR,MA,MAR,MAT,MCD,MAS,MAS,MAT,MCD,MCHP,MCD,MCD,MCD,MCK,MCHP,MCD,MCHP,MCD,MCD,MAC,MA,MAA
MCHP,MCK,MCHP,MCD,MAT,MAR,MA,MA,MAR,MAS,MAR,MAS,MAR,MAS,MCD,MCHP,MAT,MAT,MCD,MCHP,MCK,MCHP,MCHP,MCHP,MCO,MCK,MCHP,MCK,MCHP,MCHP,MAR,MAA,MAC
MCK,MCO,MCK,MCHP,MCD,MAS,MAR,MAR,MAS,MAT,MAS,MAT,MAS,MAT,MCHP,MCK,MCD,MCD,MCHP,MCK,MCO,MCK,MCK,MCK,MDLZ,MCO,MCK,MCO,MCK,MCK,MAS,MAC,MAR
MCO,MDLZ,MCO,MCK,MCHP,MAT,MAS,MAS,MAT,MCD,MAT,MCD,MAT,MCD,MCK,MCO,MCHP,MCHP,MCK,MCO,MDLZ,MCO,MCO,MCO,MDT,MDLZ,MCO,MDLZ,MCO,MCO,MAT,MAR,MAS
MDLZ,MDP,MDLZ,MCO,MCK,MCD,MAT,MAT,MCD,MCHP,MCD,MCHP,MCD,MCHP,MCO,MDLZ,MCK,MCK,MCO,MDLZ,MDT,MDLZ,MDLZ,MDLZ,MET,MDT,MDLZ,MDT,MDLZ,MDLZ,MCD,MAS,MAT
MDP,MDT,MDP,MDLZ,MCO,MCHP,MCD,MCD,MCHP,MCK,MCHP,MCK,MCHP,MCK,MDLZ,MDT,MCO,MCO,MDLZ,MDT,MET,MDT,MDT,MDT,MHK,MET,MDT,MET,MDT,MDT,MCHP,MAT,MCD
MDT,MEE,MDT,MDP,MDLZ,MCK,MCHP,MCHP,MCK,MCO,MCK,MCO,MCK,MCO,MDT,MET,MDLZ,MDLZ,MDT,MET,MHK,MET,MET,MET,MJN,MHK,MET,MHK,MET,MET,MCK,MCD,MCHP
MEE,MET,MEE,MDT,MDP,MCO,MCK,MCK,MCO,MDLZ,MCO,MDLZ,MCO,MDLZ,MET,MJN,MDT,MDT,MET,MHK,MJN,MHK,MHK,MHK,MKC,MJN,MHK,MJN,MHK,MHK,MCO,MCHP,MCK
MET,MFE,MET,MEE,MDT,MDLZ,MCO,MCO,MDLZ,MDT,MDLZ,MDT,MDLZ,MDT,MJN,MKC,MET,MET,MHK,MJN,MKC,MJN,MJN,MJN,MLM,MKC,MJN,MKC,MJN,MJN,MDLZ,MCK,MCO
MFE,MHS,MFE,MET,MEE,MDT,MDLZ,MDLZ,MDT,MET,MDT,MET,MDT,MET,MKC,MMC,MHK,MHK,MJN,MKC,MLM,MKC,MKC,MKC,MMC,MLM,MKC,MLM,MKC,MKC,MDT,MCO,MDLZ
MHS,MI,MHS,MFE,MET,MEE,MDT,MDT,MET,MHS,MET,MJN,MET,MJN,MMC,MMM,MJN,MJN,MKC,MLM,MMC,MLM,MLM,MLM,MMM,MMC,MLM,MMC,MLM,MLM,MET,MDLZ,MDT
MI,MJN,MI,MHS,MFE,MET,MET,MET,MHS,MJN,MJN,MKC,MJN,MKC,MMM,MO,MKC,MKC,MMC,MMC,MMM,MMC,MMC,MMC,MNK,MMM,MMC,MMM,MMC,MMC,MHK,MDT,MET
MJN,MKC,MJN,MI,MHS,MHS,MHS,MHS,MJN,MKC,MKC,MMC,MKC,MMC,MO,MOLX,MMC,MMC,MMM,MMM,MNK,MMM,MMM,MMM,MNST,MNK,MMM,MNK,MMM,MMM,MKC,MET,MGM
MKC,MMC,MKC,MJN,MI,MI,MI,MJN,MKC,MMC,MMC,MMM,MMC,MMM,MOLX,MON,MMM,MMM,MO,MNK,MO,MNK,MNK,MNK,MO,MNST,MNK,MNST,MNK,MNK,MLM,MGM,MHK
MMC,MMM,MMC,MKC,MJN,MJN,MJN,MKC,MMC,MMM,MMM,MO,MMM,MO,MON,MOS,MO,MO,MON,MO,MON,MO,MNST,MNST,MON,MO,MNST,MO,MNST,MNST,MMC,MHK,MKC
MMM,MO,MMM,MMC,MKC,MKC,MKC,MMC,MMM,MO,MO,MOLX,MO,MOLX,MOS,MPC,MON,MON,MOS,MON,MOS,MON,MO,MO,MOS,MON,MO,MON,MO,MO,MMM,MKC,MLM
MO,MOLX,MO,MMM,MMC,MMC,MMC,MMM,MO,MOLX,MOLX,MON,MOLX,MON,MPC,MRK,MOS,MOS,MPC,MOS,MPC,MOS,MON,MON,MPC,MOS,MON,MOS,MON,MON,MNK,MLM,MMC
MOLX,MON,MOLX,MO,MMM,MMM,MMM,MO,MOLX,MON,MON,MOS,MON,MOS,MRK,MRO,MPC,MPC,MRK,MPC,MRK,MPC,MOS,MOS,MRK,MPC,MOS,MPC,MOS,MOS,MNST,MMC,MMM
MON,MRK,MON,MOLX,MO,MO,MO,MOLX,MON,MOS,MOS,MPC,MOS,MPC,MRO,MS,MRK,MRK,MRO,MRK,MRO,MRK,MPC,MPC,MRO,MRK,MPC,MRK,MPC,MPC,MO,MMM,MNST
MRK,MRO,MRK,MON,MOLX,MOLX,MOLX,MON,MOS,MPC,MPC,MRK,MPC,MRK,MS,MSFT,MRO,MRO,MS,MRO,MS,MRO,MRK,MRK,MS,MRO,MRK,MRO,MRK,MRK,MON,MNST,MO
MRO,MS,MRO,MRK,MON,MON,MON,MOS,MPC,MRK,MRK,MRO,MRK,MRO,MSFT,MSI,MS,MS,MSFT,MS,MSFT,MS,MRO,MRO,MSFT,MS,MRO,MS,MRO,MRO,MOS,MO,MON
MS,MSFT,MS,MRO,MRK,MRK,MPC,MPC,MRK,MRO,MRO,MS,MRO,MS,MSI,MTB,MSFT,MSFT,MSI,MSFT,MSI,MSFT,MS,MS,MSI,MSFT,MS,MSFT,MS,MS,MPC,MON,MOS
MSFT,MSI,MSFT,MS,MRO,MRO,MRK,MRK,MRO,MS,MS,MSFT,MS,MSFT,MTB,MU,MSI,MSI,MTB,MSI,MTB,MSI,MSFT,MSFT,MTB,MSI,MSFT,MSI,MSFT,MSFT,MRK,MOS,MPC
MSI,MTB,MSI,MSFT,MS,MS,MRO,MRO,MS,MSFT,MSFT,MSI,MSFT,MSI,MU,MUR,MTB,MTB,MU,MTB,MU,MTB,MSI,MSI,MU,MTB,MSI,MTB,MSI,MSI,MRO,MPC,MRK
MTB,MU,MTB,MSI,MSFT,MSFT,MS,MS,MSFT,MSI,MSI,MTB,MSI,MTB,MUR,MWV,MU,MU,MUR,MU,MUR,MU,MTB,MTB,MUR,MU,MTB,MTD,MTB,MTB,MS,MRK,MRO
MU,MUR,MU,MTB,MSI,MSI,MSFT,MSFT,MSI,MTB,MTB,MU,MTB,MU,MWV,MYL,MUR,MUR,MWV,MUR,MWV,MUR,MU,MU,MYL,MUR,MU,MU,MTD,MTD,MSFT,MRO,MS
MUR,MWV,MUR,MU,MTB,MTB,MSI,MSI,MTB,MU,MU,MUR,MU,MUR,MYL,NBL,MWV,MWV,MYL,MWV,MYL,MWV,MUR,MUR,NAVI,MYL,MUR,MUR,MU,MU,MSI,MS,MSFT
MWV,MWW,MWV,MUR,MU,MU,MTB,MTB,MU,MUR,MUR,MWV,MUR,MWV,NBL,NBR,MYL,MYL,NAVI,MYL,NAVI,MYL,MWV,MYL,NBL,NAVI,MYL,MYL,MUR,MUR,MTB,MSFT,MSI
MWW,MYL,MWW,MWV,MUR,MUR,MU,MU,MUR,MWV,MWV,MYL,MWV,MYL,NBR,NDAQ,NBL,NBL,NBL,NAVI,NBL,NAVI,MYL,NAVI,NDAQ,NBL,NAVI,NAVI,MYL,MYL,MTD,MSI,MTB
MYL,NBL,MYL,MWW,MWV,MWV,MUR,MUR,MWV,MYL,MYL,NBL,MYL,NBL,NDAQ,NE,NBR,NBR,NBR,NBL,NBR,NBL,NAVI,NBL,NEE,NDAQ,NBL,NBL,NAVI,NAVI,MU,MTB,MTD
NBL,NBR,NBL,MYL,MWW,MWW,MWV,MWV,MYL,NBL,NBL,NBR,NBL,NBR,NE,NEE,NDAQ,NDAQ,NDAQ,NBR,NDAQ,NDAQ,NBL,NDAQ,NEM,NEE,NDAQ,NDAQ,NBL,NBL,MUR,MTD,MU
NBR,NDAQ,NBR,NBL,MYL,MYL,MWW,MWW,NBL,NBR,NBR,NDAQ,NBR,NDAQ,NEE,NEM,NE,NE,NE,NDAQ,NE,NE,NDAQ,NEE,NFLX,NEM,NEE,NEE,NDAQ,NDAQ,MYL,MU,MYL
NDAQ,NEE,NDAQ,NBR,NBL,NBL,MYL,MYL,NBR,NDAQ,NDAQ,NE,NDAQ,NE,NEM,NFLX,NEE,NEE,NEE,NE,NEE,NEE,NE,NEM,NFX,NFLX,NEM,NEM,NEE,NEE,NAVI,MYL,NAVI
NEE,NEM,NEE,NDAQ,NBR,NBR,NBL,NBL,NDAQ,NE,NE,NEE,NE,NEE,NFLX,NFX,NEM,NEM,NEM,NEE,NEM,NEM,NEE,NFLX,NI,NFX,NFLX,NFLX,NEM,NEM,NBL,NAVI,NBL
NEM,NI,NEM,NEE,NDAQ,NDAQ,NBR,NBR,NE,NEE,NEE,NEM,NEE,NEM,NFX,NI,NFLX,NFLX,NFLX,NEM,NFLX,NFLX,NEM,NFX,NKE,NI,NFX,NFX,NFLX,NFLX,NDAQ,NBL,NCLH
NI,NKE,NI,NEM,NEE,NE,NDAQ,NDAQ,NEE,NEM,NEM,NFLX,NEM,NFLX,NI,NKE,NFX,NFX,NFX,NFLX,NFX,NFX,NFLX,NI,NLSN,NKE,NI,NI,NFX,NFX,NEE,NDAQ,NDAQ
NKE,NOC,NKE,NI,NEM,NEE,NE,NE,NEM,NFLX,NFLX,NFX,NFLX,NFX,NKE,NOC,NI,NI,NI,NFX,NI,NI,NFX,NKE,NOC,NLSN,NKE,NKE,NI,NI,NEM,NEE,NEE
NOC,NOV,NOC,NKE,NFLX,NEM,NEE,NEE,NFLX,NFX,NFX,NI,NFX,NI,NOC,NOV,NKE,NKE,NKE,NI,NKE,NKE,NI,NLSN,NOV,NOC,NLSN,NLSN,NKE,NKE,NFLX,NEM,NEM
NOV,NOVL,NOV,NOC,NFX,NFLX,NEM,NEM,NFX,NI,NI,NKE,NI,NKE,NOV,NRG,NOC,NOC,NOC,NKE,NOC,NOC,NKE,NOC,NRG,NOV,NOC,NOC,NLSN,NLSN,NFX,NFLX,NFLX
NOVL,NRG,NOVL,NOV,NI,NFX,NFLX,NFLX,NI,NKE,NKE,NOC,NKE,NOC,NRG,NSC,NOV,NOV,NOV,NOC,NOV,NOV,NOC,NOV,NSC,NRG,NOV,NOV,NOC,NOC,NI,NFX,NFX
NSC,NSC,NRG,NOVL,NKE,NI,NFX,NFX,NKE,NOC,NOC,NOV,NOC,NOV,NSC,NTAP,NRG,NRG,NRG,NOV,NRG,NRG,NOV,NRG,NTAP,NSC,NRG,NRG,NOV,NOV,NKE,NI,NI
NTAP,NTAP,NSC,NRG,NOC,NKE,NI,NI,NOC,NOV,NOV,NRG,NOV,NRG,NTAP,NTRS,NSC,NSC,NSC,NRG,NSC,NSC,NRG,NSC,NTRS,NTAP,NSC,NSC,NRG,NRG,NLSN,NKE,NKE
NTRS,NTRS,NTAP,NSC,NOV,NOC,NKE,NKE,NOV,NRG,NRG,NSC,NRG,NSC,NTRS,NUE,NTAP,NTAP,NTAP,NSC,NTAP,NTAP,NSC,NTAP,NUE,NTRS,NTAP,NTAP,NSC,NSC,NOC,NLSN,NLSN
NUE,NUE,NTRS,NTAP,NOVL,NOV,NOC,NOC,NRG,NSC,NSC,NTAP,NSC,NTAP,NUE,NVDA,NTRS,NTRS,NTRS,NTAP,NTRS,NTRS,NTAP,NTRS,NVDA,NUE,NTRS,NTRS,NTAP,NTAP,NOV,NOC,NOC
NVDA,NVDA,NUE,NTRS,NRG,NOVL,NOV,NOV,NSC,NTAP,NTAP,NTRS,NTAP,NTRS,NVDA,NWL,NUE,NUE,NUE,NTRS,NUE,NUE,NTRS,NUE,NWL,NVDA,NUE,NUE,NTRS,NTRS,NRG,NOV,NOV
NWL,NWL,NVDA,NUE,NSC,NRG,NRG,NRG,NTAP,NTRS,NTRS,NUE,NTRS,NUE,NWL,NWSA,NVDA,NVDA,NVDA,NUE,NVDA,NVDA,NUE,NVDA,NWS,NWL,NVDA,NVDA,NUE,NUE,NSC,NRG,NRG
NYT,NYT,NWL,NVDA,NTAP,NSC,NSC,NSC,NTRS,NUE,NUE,NVDA,NUE,NVDA,NWSA,NYX,NWL,NWL,NWL,NVDA,NWL,NWL,NVDA,NWL,NWSA,NWS,NWL,NWL,NVDA,NVDA,NTAP,NSC,NSC
NYX,NYX,NYT,NWL,NTRS,NTAP,NTAP,NTAP,NUE,NVDA,NVDA,NWL,NVDA,NWL,NYX,OI,NWSA,NWSA,NWSA,NWL,NWSA,NWSA,NWL,NWS,O,NWSA,NWS,NWS,NWL,NWL,NTRS,NTAP,NTAP
ODP,ODP,NYX,NYT,NUE,NTRS,NTRS,NTRS,NVDA,NWL,NWL,NYX,NWL,NYX,OI,OKE,OI,OI,OI,NWSA,OI,OI,NWSA,NWSA,OI,O,NWSA,NWSA,NWS,NWS,NUE,NTRS,NTRS
OI,OI,ODP,NYX,NVDA,NUE,NUE,NUE,NWL,NYX,NYX,OI,NYX,OI,OKE,OMC,OKE,OKE,OKE,OI,OKE,OKE,O,O,OKE,OI,O,O,NWSA,NWSA,NVDA,NUE,NUE
OMC,OKE,OI,ODP,NWL,NVDA,NVDA,NVDA,NYX,OI,OI,OKE,OI,OKE,OMC,ORCL,OMC,OMC,OMC,OKE,OMC,OMC,OI,OI,OMC,OKE,OI,OI,O,O,NWL,NVDA,NVDA
ORCL,OMC,OKE,OI,NYX,NWL,NWL,NWL,OI,OKE,OKE,OMC,OKE,OMC,ORCL,ORLY,ORCL,ORCL,ORCL,OMC,ORCL,ORCL,OKE,OKE,ORCL,OMC,OKE,OKE,OKE,OKE,NWS,NWL,NWL
ORLY,ORCL,OMC,OKE,OI,NYX,NYX,NYX,OKE,OMC,OMC,ORCL,OMC,ORCL,ORLY,OXY,ORLY,ORLY,ORLY,ORCL,ORLY,ORLY,OMC,OMC,ORLY,ORCL,OMC,OMC,OMC,OMC,NWSA,NWS,NWS
OXY,ORLY,ORCL,OMC,OKE,OI,OI,OI,OMC,ORCL,ORCL,ORLY,ORCL,ORLY,OXY,PAYX,OXY,OXY,OXY,ORLY,OXY,OXY,ORCL,ORCL,OXY,ORLY,ORCL,ORCL,ORCL,ORCL,O,NWSA,NWSA
PAYX,OXY,ORLY,ORCL,OMC,OKE,OKE,OKE,ORCL,ORLY,ORLY,OXY,ORLY,OXY,PAYX,PBCT,PAYX,PAYX,PAYX,OXY,PAYX,PAYX,ORLY,ORLY,PAYX,OXY,ORLY,ORLY,ORLY,ORLY,OKE,O,O
PBCT,PAYX,OXY,ORLY,ORCL,OMC,OMC,OMC,ORLY,OXY,OXY,PAYX,OXY,PAYX,PBCT,PBI,PBCT,PBCT,PBCT,PAYX,PBCT,PBCT,OXY,OXY,PBCT,PAYX,OXY,OXY,OXY,OXY,OMC,OKE,OKE
PBG,PBCT,PAYX,OXY,ORLY,ORCL,ORCL,ORCL,OXY,PAYX,PAYX,PBCT,PAYX,PBCT,PBI,PCAR,PBI,PBI,PBI,PBCT,PBI,PBI,PAYX,PAYX,PBI,PBCT,PAYX,PAYX,PAYX,PAYX,ORCL,OMC,OMC
PBI,PBI,PBCT,PAYX,OXY,ORLY,ORLY,ORLY,PAYX,PBCT,PBCT,PBI,PBCT,PBI,PCAR,PCG,PCAR,PCAR,PCAR,PBI,PCAR,PCAR,PBCT,PBCT,PCAR,PBI,PBCT,PBCT,PBCT,PBCT,ORLY,ORCL,ORCL
PCAR,PCAR,PBI,PBCT,PAYX,OXY,OXY,OXY,PBCT,PBI,PBI,PCAR,PBI,PCAR,PCG,PCL,PCG,PCG,PCG,PCAR,PCG,PCG,PBI,PBI,PCG,PCAR,PBI,PBI,PBI,PCAR,OXY,ORLY,ORLY
PCG,PCG,PCAR,PBI,PBCT,PAYX,PAYX,PAYX,PBI,PCAR,PCAR,PCG,PCAR,PCG,PCL,PCP,PCL,PCL,PCL,PCG,PCL,PCL,PCAR,PCAR,PCL,PCG,PCAR,PCAR,PCAR,PCG,PAYX,OXY,OXY
PCL,PCL,PCG,PCAR,PBI,PBCT,PBCT,PBCT,PCAR,PCG,PCG,PCL,PCG,PCL,PCP,PDCO,PCP,PCP,PCP,PCL,PCP,PCP,PCG,PCG,PCP,PDCO,PCG,PCG,PCG,PDCO,PBCT,PAYX,PAYX
PCP,PCP,PCL,PCG,PCAR,PBI,PBI,PBI,PCG,PCL,PCL,PCP,PCL,PCP,PDCO,PEG,PDCO,PDCO,PDCO,PCP,PDCO,PDCO,PCL,PCL,PDCO,PEG,PDCO,PDCO,PDCO,PEG,PCAR,PBCT,PBCT
PDCO,PDCO,PCP,PCL,PCG,PCAR,PCAR,PCAR,PCL,PCP,PCP,PDCO,PCP,PDCO,PEG,PEP,PEG,PEG,PEG,PDCO,PEG,PEG,PCP,PCP,PEG,PEP,PEG,PEG,PEG,PEP,PCG,PCAR,PCAR
PEG,PEG,PDCO,PCP,PCL,PCG,PCG,PCG,PCP,PDCO,PDCO,PEG,PDCO,PEG,PEP,PETM,PEP,PEP,PEP,PEG,PEP,PEP,PDCO,PDCO,PEP,PFE,PEP,PEP,PEP,PFE,PDCO,PCG,PCG
PEP,PEP,PEG,PDCO,PCP,PCL,PCL,PCL,PDCO,PEG,PEG,PEP,PEG,PEP,PETM,PFE,PETM,PETM,PETM,PEP,PETM,PFE,PEG,PEG,PFE,PFG,PFE,PFE,PFE,PFG,PEG,PDCO,PDCO
PFE,PFE,PEP,PEG,PDCO,PCP,PCP,PCP,PEG,PEP,PEP,PFE,PEP,PETM,PFE,PFG,PFE,PFE,PFE,PETM,PFE,PFG,PEP,PEP,PFG,PG,PFG,PFG,PFG,PG,PEP,PEG,PEG
PFG,PFG,PFE,PEP,PEG,PDCO,PDCO,PDCO,PEP,PFE,PFE,PFG,PETM,PFE,PFG,PG,PFG,PFG,PFG,PFE,PFG,PG,PFE,PFE,PG,PGR,PG,PG,PG,PGR,PFE,PEP,PEP
PG,PG,PFG,PFE,PEP,PEG,PEG,PEG,PFE,PFG,PFG,PG,PFE,PFG,PG,PGR,PG,PG,PG,PFG,PG,PGR,PFG,PFG,PGR,PH,PGR,PGR,PGR,PH,PFG,PFE,PFE
PGR,PGR,PG,PFG,PFE,PEP,PEP,PEP,PFG,PG,PG,PGR,PFG,PG,PGR,PH,PGR,PGR,PGR,PG,PGR,PH,PG,PG,PH,PHM,PH,PH,PH,PHM,PG,PFG,PFG
PH,PH,PGR,PG,PFG,PFE,PFE,PFE,PG,PGR,PGR,PH,PG,PGR,PH,PHM,PH,PH,PH,PGR,PH,PHM,PGR,PGR,PHM,PKI,PHM,PHM,PHM,PKI,PGR,PG,PG
PHM,PHM,PH,PGR,PG,PFG,PFG,PFG,PGR,PH,PH,PHM,PGR,PH,PHM,PKI,PHM,PHM,PHM,PH,PHM,PKI,PH,PH,PKI,PLD,PKI,PKI,PKI,PLD,PH,PGR,PGR
PKI,PKI,PHM,PH,PGR,PG,PG,PG,PH,PHM,PHM,PKI,PH,PHM,PKI,PLD,PKI,PKI,PKI,PHM,PKI,PLD,PHM,PHM,PLD,PM,PLD,PLD,PLD,PM,PHM,PH,PH
PLL,PLL,PKI,PHM,PH,PGR,PGR,PGR,PHM,PKI,PKI,PLD,PHM,PKI,PLD,PLL,PLD,PLD,PLD,PKI,PLD,PLL,PKI,PKI,PM,PNC,PM,PM,PM,PNC,PKI,PHM,PHM
PM,PM,PLL,PKI,PHM,PH,PH,PH,PKI,PLD,PLD,PLL,PKI,PLD,PLL,PM,PLL,PLL,PLL,PLD,PLL,PM,PLD,PLD,PNC,PNR,PNC,PNC,PNC,PNR,PLD,PKG,PKG
PNC,PNC,PM,PLL,PKI,PHM,PHM,PHM,PLD,PLL,PLL,PM,PLD,PLL,PM,PNC,PM,PM,PM,PLL,PM,PNC,PLL,PM,PNR,PNW,PNR,PNR,PNR,PNW,PM,PKI,PKI
PNW,PNW,PNC,PM,PLL,PKI,PKI,PKI,PLL,PM,PM,PNC,PLL,PM,PNC,PNR,PNC,PNC,PNC,PM,PNC,PNR,PM,PNC,PNW,PPG,PNW,PNW,PNW,PPG,PNC,PLD,PLD
POM,POM,PNW,PNC,PM,PLL,PLD,PLD,PM,PNC,PNC,PNR,PM,PNC,PNR,PNW,PNR,PNR,PNR,PNC,PNR,PNW,PNC,PNR,POM,PPL,PPG,PPG,PPG,PPL,PNR,PM,PM
PPG,PPG,POM,PNW,PNC,PM,PLL,PLL,PNC,PNW,PNW,PNW,PNC,PNR,PNW,POM,PNW,PNW,PNW,PNR,PNW,POM,PNR,PNW,PPG,PRGO,PPL,PPL,PPL,PRGO,PNW,PNC,PNC
PPL,PPL,PPG,POM,PNW,PNC,PM,PM,PNW,POM,POM,POM,PNR,PNW,POM,PPG,POM,POM,POM,PNW,POM,PPG,PNW,POM,PPL,PRU,PRGO,PRGO,PRGO,PRU,PPG,PNR,PNR
PRU,PRU,PPL,PPG,POM,PNW,PNC,PNC,POM,PPG,PPG,PPG,PNW,POM,PPG,PPL,PPG,PPG,PPG,POM,PPG,PPL,POM,PPG,PRGO,PSA,PRU,PRU,PRU,PSA,PPL,PNW,PNW
PSA,PSA,PRU,PPL,PPG,POM,PNW,PNW,PPG,PPL,PPL,PPL,POM,PPG,PPL,PRGO,PPL,PPL,PPL,PPG,PPL,PRGO,PPG,PPL,PRU,PSX,PSA,PSA,PSA,PSX,PRGO,PPG,PPG
PTV,PTV,PSA,PRU,PPL,PPG,POM,POM,PPL,PRGO,PRGO,PRGO,PPG,PPL,PRGO,PRU,PRGO,PRGO,PRGO,PPL,PRGO,PRU,PPL,PRGO,PSA,PVH,PSX,PSX,PSX,PVH,PRU,PPL,PPL
PWR,PWR,PTV,PSA,PRU,PPL,PPG,PPG,PRGO,PRU,PRU,PRU,PPL,PRGO,PRU,PSA,PRU,PRU,PRU,PRGO,PRU,PSA,PRGO,PRU,PSX,PWR,PVH,PVH,PVH,PWR,PSA,PRGO,PRGO
PX,PX,PWR,PTV,PSA,PRU,PPL,PPL,PRU,PSA,PSA,PSA,PRGO,PRU,PSA,PSX,PSA,PSA,PSA,PRU,PSA,PSX,PRU,PSA,PVH,PX,PWR,PWR,PWR,PX,PSX,PRU,PRU
PXD,PXD,PX,PWR,PWR,PSA,PRU,PRU,PSA,PWR,PSX,PSX,PRU,PSA,PSX,PVH,PSX,PSX,PSX,PSA,PSX,PVH,PSA,PSX,PWR,PXD,PX,PX,PX,PXD,PVH,PSA,PSA
QCOM,QCOM,PXD,PX,PX,PWR,PSA,PSA,PWR,PX,PWR,PWR,PSA,PSX,PVH,PWR,PVH,PVH,PVH,PSX,PVH,PWR,PSX,PVH,PX,PYPL,PXD,PXD,PXD,PYPL,PWR,PSX,PSX
QLGC,QLGC,QCOM,PXD,PXD,PX,PWR,PWR,PX,PXD,PX,PX,PSX,PVH,PWR,PX,PWR,PWR,PWR,PVH,PWR,PX,PVH,PWR,PXD,QCOM,PYPL,PYPL,PYPL,QCOM,PX,PVH,PVH
R,R,QEP,QCOM,QCOM,PXD,PX,PX,PXD,QCOM,PXD,PXD,PWR,PWR,PX,PXD,PX,PX,PX,PWR,PX,PXD,PWR,PX,PYPL,QRVO,QCOM,QCOM,QCOM,QRVO,PXD,PWR,PWR
RAI,RAI,QLGC,QEP,QEP,QCOM,PXD,PXD,QCOM,QEP,QCOM,QCOM,PX,PX,PXD,QCOM,PXD,PXD,PXD,PX,PXD,QCOM,PX,PXD,QCOM,R,QRVO,QRVO,QRVO,R,PYPL,PX,PX
RDC,RDC,R,QLGC,QLGC,QEP,QCOM,QCOM,QEP,R,QEP,QEP,PXD,PXD,QCOM,QEP,QCOM,QCOM,QCOM,PXD,QCOM,QEP,PXD,PYPL,QRVO,RAI,R,R,R,RAI,QCOM,PXD,PXD
RF,RF,RAI,R,R,R,QEP,QEP,R,RAI,R,R,QCOM,QCOM,QEP,R,QEP,QEP,QEP,QCOM,QEP,R,QCOM,QCOM,R,RCL,RAI,RAI,RAI,RCL,QRVO,PYPL,PYPL
RHI,RHI,RDC,RAI,RAI,RAI,R,R,RAI,RDC,RAI,RAI,QEP,QEP,R,RAI,R,R,R,QEP,R,RAI,QRVO,QRVO,RAI,REGN,RCL,RCL,RCL,REG,RAI,QCOM,QCOM
RHT,RHT,RF,RDC,RDC,RDC,RAI,RAI,RDC,RF,RDC,RDC,R,R,RAI,RDC,RAI,RAI,RAI,R,RAI,RCL,R,R,RCL,RF,REGN,REGN,REGN,REGN,RCL,QRVO,QRVO
RL,RL,RHI,RF,RF,RF,RDC,RDC,RF,RHI,RF,RF,RAI,RAI,RDC,REGN,RDC,RDC,RDC,RAI,RCL,REGN,RAI,RAI,REGN,RHI,RF,RF,RF,RF,RE,RCL,RCL
ROK,ROK,RHT,RHI,RHI,RHI,RF,RF,RHI,RHT,RHI,RHI,RDC,RDC,REGN,RF,REGN,REGN,REGN,REGN,REGN,RF,RCL,RCL,RF,RHT,RHI,RHI,RHI,RHI,REG,RE,RE
ROP,ROP,RL,RHT,RHT,RHT,RHI,RHI,RHT,RL,RHT,RHT,RF,RF,RF,RHI,RF,RF,RF,RF,RF,RHI,REGN,REGN,RHI,RIG,RHT,RHT,RHT,RHT,REGN,REG,REG
ROST,ROST,ROK,RL,RL,RL,RHT,RHT,RL,ROK,RL,RL,RHI,RHI,RHI,RHT,RHI,RHI,RHI,RHI,RHI,RHT,RF,RF,RHT,RL,RIG,RIG,RIG,RIG,RF,REGN,REGN
RRC,RRC,ROP,ROK,ROK,ROK,RL,RL,ROK,ROP,ROK,ROK,RHT,RHT,RHT,RL,RHT,RHT,RHT,RHT,RHT,RIG,RHI,RHI,RIG,ROK,RL,RL,RL,RJF,RHI,RF,RF
RRD,RRD,ROST,ROP,ROP,ROP,ROK,ROK,ROP,ROST,ROP,ROP,RL,RL,RL,ROK,RIG,RIG,RIG,RIG,RIG,RL,RHT,RHT,RL,ROP,ROK,ROK,ROK,RL,RHT,RHI,RHI
RSG,RSG,RRC,ROST,ROST,ROST,ROP,ROP,ROST,RRC,ROST,ROST,ROK,ROK,ROK,ROP,RL,RL,RL,RL,RL,ROK,RIG,RIG,ROK,ROST,ROP,ROP,ROP,ROK,RIG,RHT,RHT
RSHCQ,RSHCQ,RRD,RRC,RRC,RRC,ROST,ROST,RRC,RRD,RRC,RRC,ROP,ROP,ROP,ROST,ROK,ROK,ROK,ROK,ROK,ROP,RL,RL,ROP,RRC,ROST,ROST,ROST,ROP,RJF,RJF,RJF
RTN,RTN,RSG,RRD,RRD,RRD,RRC,RRC,RRD,RSG,RRD,RRD,ROST,ROST,ROST,RRC,ROP,ROP,ROP,ROP,ROP,ROST,ROK,ROK,ROST,RSG,RRC,RRC,RRC,ROST,RL,RL,RL
RX,SBUX,RSHCQ,RSG,RSG,RSG,RRD,RRD,RSG,RTN,RSG,RSG,RRC,RRC,RRC,RSG,ROST,ROST,ROST,ROST,ROST,RRC,ROP,ROP,RRC,RTN,RSG,RSG,RSG,RRC,ROK,RMD,RMD
SBUX,SCG,RTN,RSHCQ,RSHCQ,RSHCQ,RSG,RSG,RTN,SBUX,RTN,RTN,RSG,RSG,RSG,RTN,RRC,RRC,RRC,RRC,RRC,RSG,ROST,ROST,RSG,SBUX,RTN,RTN,RTN,RSG,ROP,ROK,ROK
SCG,SCHW,SBUX,RTN,RTN,RTN,RTN,RTN,SBUX,SCG,SBUX,SBUX,RTN,RTN,RTN,SBUX,RSG,RSG,RSG,RSG,RSG,RTN,RRC,RRC,RTN,SCG,SBUX,SBUX,SBUX,RTN,ROST,ROP,ROP
SCHW,SEE,SCG,SBUX,SBUX,SBUX,SBUX,SBUX,SCG,SCHW,SCG,SCG,SBUX,SBUX,SBUX,SCG,RTN,RTN,RTN,RTN,RTN,SBUX,RSG,RSG,SBUX,SCHW,SCG,SCG,SCG,SBUX,RRC,ROST,ROST
SEE,SHLDQ,SCHW,SCG,SCG,SCG,SCG,SCG,SCHW,SEE,SCHW,SCHW,SCG,SCG,SCG,SCHW,SBUX,SBUX,SBUX,SBUX,SBUX,SCG,RTN,RTN,SCG,SEE,SCHW,SCHW,SCHW,SCG,RSG,RRC,RRC
SHLDQ,SHW,SEE,SCHW,SCHW,SCHW,SCHW,SCHW,SEE,SHLDQ,SEE,SEE,SCHW,SCHW,SCHW,SEE,SCG,SCG,SCG,SCG,SCG,SCHW,SBUX,SBUX,SCHW,SHW,SEE,SEE,SEE,SCHW,RTN,RSG,RSG
SHW,SIAL,SHLDQ,SEE,SEE,SEE,SEE,SEE,SHLDQ,SHW,SHLDQ,SHW,SEE,SEE,SEE,SHW,SCHW,SCHW,SCHW,SCHW,SCHW,SEE,SCG,SCG,SEE,SIG,SHW,SHW,SHW,SEE,SBUX,RTN,RTN
SIAL,SII,SHW,SHLDQ,SHLDQ,SHLDQ,SHLDQ,SHLDQ,SHW,SIAL,SHW,SIAL,SHW,SHW,SHW,SIAL,SEE,SEE,SEE,SEE,SEE,SHW,SCHW,SCHW,SHW,SJM,SIG,SIG,SIG,SHW,SCG,SBAC,SBAC
SII,SJM,SIAL,SHW,SHW,SHW,SHW,SHW,SIAL,SJM,SIAL,SJM,SIAL,SIAL,SIAL,SJM,SHW,SHW,SHW,SHW,SHW,SIAL,SEE,SEE,SIG,SLB,SJM,SJM,SJM,SIG,SCHW,SBUX,SBUX
SJM,SLB,SII,SIAL,SIAL,SIAL,SIAL,SIAL,SJM,SLB,SJM,SLB,SJM,SJM,SJM,SLB,SIAL,SIAL,SIAL,SIAL,SIAL,SJM,SHW,SHW,SJM,SLG,SLB,SLB,SLB,SJM,SEE,SCG,SCG
SLB,SLM,SJM,SJM,SJM,SJM,SJM,SJM,SLB,SLM,SLB,SLM,SLB,SLB,SLB,SLM,SJM,SJM,SJM,SJM,SJM,SLB,SIAL,SIAL,SLB,SNA,SLG,SLG,SLG,SLB,SHW,SCHW,SCHW
SLM,SNA,SLB,SLB,SLB,SLB,SLB,SLB,SLM,SNA,SLM,SNA,SLM,SLM,SLM,SNA,SLB,SLB,SLB,SLB,SLB,SLG,SJM,SIG,SLG,SNDK,SNA,SNA,SNA,SLG,SIG,SEE,SEE
SNA,SNDK,SLM,SLM,SLM,SLM,SLM,SLM,SNA,SNDK,SNA,SNDK,SNA,SNA,SNA,SNDK,SLM,SLM,SNA,SNA,SNA,SNA,SLB,SJM,SNA,SNI,SNI,SNI,SNI,SNA,SJM,SHW,SHW
SNDK,SNI,SNA,SNA,SNA,SNA,SNA,SNA,SNDK,SNI,SNDK,SNI,SNDK,SNDK,SNDK,SNI,SNA,SNA,SNDK,SNDK,SNDK,SNDK,SLG,SLB,SNDK,SO,SO,SO,SO,SNI,SLB,SIG,SIG
SNI,SO,SNDK,SNDK,SNDK,SNDK,SNDK,SNDK,SNI,SO,SNI,SO,SNI,SNI,SNI,SO,SNDK,SNDK,SNI,SNI,SNI,SNI,SNA,SLG,SNI,SPG,SPG,SPG,SPG,SNPS,SLG,SJM,SJM
SO,SPG,SNI,SNI,SNI,SNI,SNI,SNI,SO,SPG,SO,SPG,SO,SO,SO,SPG,SNI,SNI,SO,SO,SO,SO,SNDK,SNA,SO,SPGI,SPGI,SPGI,SPGI,SO,SNA,SLB,SLB
SPG,SPGI,SO,SO,SO,SO,SO,SO,SPG,SPGI,SPG,SPGI,SPG,SPG,SPG,SPGI,SO,SO,SPG,SPG,SPG,SPG,SNI,SNDK,SPG,SPLS,SPLS,SPLS,SPLS,SPG,SNI,SLG,SLG
SPGI,SPLS,SPG,SPG,SPG,SPG,SPG,SPG,SPGI,SPLS,SPGI,SPLS,SPGI,SPGI,SPGI,SPLS,SPG,SPG,SPGI,SPGI,SPGI,SPGI,SO,SNI,SPGI,SRCL,SRCL,SRCL,SRCL,SPGI,SNPS,SNA,SNA
SPLS,SRCL,SPGI,SPGI,SPGI,SPGI,SPGI,SPGI,SPLS,SRCL,SPLS,SRCL,SPLS,SPLS,SPLS,SRCL,SPGI,SPGI,SPLS,SPLS,SPLS,SPLS,SPG,SO,SPLS,SRE,SRE,SRE,SRE,SPLS,SO,SNI,SNI
SRCL,SRE,SPLS,SPLS,SPLS,SPLS,SPLS,SPLS,SRCL,SRE,SRCL,SRE,SRCL,SRCL,SRCL,SRE,SPLS,SPLS,SRCL,SRCL,SRCL,SRCL,SPGI,SPG,SRCL,STI,STI,STI,STI,SRCL,SPG,SNPS,SNPS
SRE,STI,SRCL,SRCL,SRCL,SRCL,SRCL,SRCL,SRE,STI,SRE,STI,SRE,SRE,SRE,STI,SRCL,SRCL,SRE,SRE,SRE,SRE,SPLS,SPGI,SRE,STJ,STJ,STJ,STJ,SRE,SPGI,SO,SO
STI,STJ,SRE,SRE,SRE,SRE,SRE,SRE,STI,STJ,STI,STJ,STI,STI,STI,STJ,SRE,SRE,STI,STI,STI,STI,SRCL,SPLS,STI,STT,STT,STT,STT,STI,SPLS,SPG,SPG
STJ,STR,STI,STI,STI,STI,STI,STI,STJ,STT,STJ,STT,STJ,STJ,STJ,STT,STI,STI,STJ,STJ,STJ,STJ,SRE,SRCL,STJ,STX,STX,STX,STX,STT,SRCL,SPGI,SPGI
STR,STT,STJ,STJ,STJ,STJ,STJ,STJ,STT,STZ,STT,STX,STT,STT,STT,STX,STJ,STJ,STT,STT,STT,STT,STI,SRE,STT,STZ,STZ,STZ,STZ,STX,SRE,SRCL,SRCL
STT,STZ,STT,STT,STT,STT,STT,STT,STZ,SVU,STZ,STZ,STX,STX,STX,STZ,STT,STT,STX,STX,STX,STX,STJ,STI,STX,SWK,SWK,SWK,SWK,STZ,STI,SRE,SRE
STZ,SUNEQ,STZ,STZ,STZ,STZ,STZ,STZ,SVU,SWK,SWK,SWK,STZ,STZ,STZ,SWK,STX,STX,STZ,STZ,STZ,STZ,STT,STJ,STZ,SWKS,SWKS,SWKS,SWKS,SWK,STT,STI,STI
SUNEQ,SVU,SUNEQ,SUNEQ,SUNEQ,SUNEQ,SUNEQ,SUNEQ,SWK,SWN,SWN,SWN,SWK,SWK,SWK,SWN,STZ,STZ,SWK,SWK,SWK,SWK,STX,STT,SWK,SWN,SWN,SWN,SWN,SWKS,STX,STT,STT
SVU,SWK,SVU,SVU,SVU,SVU,SVU,SVU,SWN,SWY,SWY,SWY,SWN,SWN,SWN,SWY,SWK,SWK,SWN,SWN,SWN,SWKS,STZ,STX,SWKS,SYF,SYF,SYF,SYF,SWN,STZ,STX,STX
SWK,SWN,SWK,SWK,SWK,SWK,SWK,SWK,SWY,SYK,SYK,SYK,SWY,SWY,SWY,SYK,SWN,SWN,SWY,SWY,SWY,SWN,SWK,STZ,SWN,SYK,SYK,SYK,SYK,SYF,SWK,STZ,STZ
SWN,SWY,SWN,SWN,SWN,SWN,SWN,SWN,SYK,SYMC,SYMC,SYMC,SYK,SYK,SYK,SYMC,SWY,SWY,SYK,SYK,SYK,SYK,SWKS,SWK,SYF,SYMC,SYMC,SYMC,SYMC,SYK,SWKS,SWK,SWK
SWY,SYK,SWY,SWY,SWY,SWY,SWY,SWY,SYMC,SYY,SYY,SYY,SYMC,SYMC,SYMC,SYY,SYK,SYK,SYMC,SYMC,SYMC,SYMC,SWN,SWKS,SYK,SYY,SYY,SYY,SYY,SYMC,SYF,SWKS,SWKS
SYK,SYMC,SYK,SYK,SYK,SYK,SYK,SYK,SYY,T,T,T,SYY,SYY,SYY,T,SYMC,SYMC,SYY,SYY,SYY,SYY,SYK,SWN,SYMC,T,T,T,T,SYY,SYK,SYF,SYF
SYMC,SYY,SYMC,SYMC,SYMC,SYMC,SYMC,SYMC,T,TAP,TAP,TAP,T,T,T,TAP,SYY,SYY,T,T,T,T,SYMC,SYK,SYY,TAP,TAP,TAP,TAP,T,SYMC,SYK,SYK
SYY,T,SYY,SYY,SYY,SYY,SYY,SYY,TAP,TDC,TDC,TDC,TAP,TAP,TAP,TDC,T,T,TAP,TAP,TAP,TAP,SYY,SYMC,T,TDC,TDC,TDC,TDC,TAP,SYY,SYMC,SYMC
T,TAP,T,T,T,T,T,T,TDC,TEG,TEG,TEG,TDC,TDC,TDC,TEG,TAP,TAP,TDC,TDC,TDC,TDC,T,SYY,TAP,TEL,TDG,TDG,TDG,TDC,T,SYY,SYY
TAP,TDC,TAP,TAP,TAP,TAP,TAP,TAP,TEG,TEL,TEL,TEL,TEG,TEG,TEG,TEL,TDC,TDC,TEG,TEG,TEG,TEG,TAP,T,TDC,TGNA,TEL,TEL,TEL,TDG,TAP,T,T
TDC,TEG,TDC,TDC,TDC,TDC,TDC,TDC,TEL,TER,TER,TER,TEL,TEL,TEL,TER,TEG,TEG,TEL,TEL,TEL,TEL,TDC,TAP,TEL,TGT,TGNA,TGNA,TGNA,TEL,TDG,TAP,TAP
TEG,TER,TEG,TEG,TEG,TEG,TEG,TEG,TER,TGNA,TGNA,TGNA,TER,TER,TER,TGNA,TEL,TEL,TGNA,TGNA,TGNA,TGNA,TEL,TDC,TGNA,THC,TGT,TGT,TGT,TGNA,TEL,TDG,TDG
TER,TGNA,TER,TER,TER,TER,TER,TER,TGNA,TGT,TGT,TGT,TGNA,TGNA,TGNA,TGT,TGNA,TGNA,TGT,TGT,TGT,TGT,TGNA,TEL,TGT,TIF,TIF,TIF,TIF,TGT,TGT,TEL,TEL
TGNA,TGT,TGNA,TGNA,TGNA,TGNA,TGNA,TGNA,TGT,THC,THC,THC,TGT,TGT,TGT,THC,TGT,TGT,THC,THC,THC,THC,TGT,TGNA,THC,TJX,TJX,TJX,TJX,TIF,TIF,TGT,TGT
TGT,THC,TGT,TGT,TGT,TGT,TGT,TGT,THC,TIE,TIE,TIE,THC,THC,THC,TIF,THC,THC,TIF,TIF,TIF,TIF,THC,TGT,TIF,TMK,TMK,TMK,TMK,TJX,TJX,TIF,TIF
THC,TIE,THC,THC,THC,THC,THC,THC,TIE,TIF,TIF,TIF,TIF,TIF,TIF,TJX,TIF,TIF,TJX,TJX,TJX,TJX,TIF,THC,TJX,TMO,TMO,TMO,TMO,TMK,TMK,TJX,TJX
TIE,TIF,TIE,TIE,TIE,TIE,TIE,TIE,TIF,TJX,TJX,TJX,TJX,TJX,TJX,TMK,TJX,TJX,TMK,TMK,TMK,TMK,TJX,TIF,TMK,TPR,TPR,TPR,TPR,TMO,TMO,TMK,TMK
TIF,TJX,TIF,TIF,TIF,TIF,TIF,TIF,TJX,TMK,TMK,TMK,TMK,TMK,TMK,TMO,TMK,TMK,TMO,TMO,TMO,TMO,TMK,TJX,TMO,TRIP,TRIP,TRIP,TRIP,TPR,TPR,TMO,TMO
TJX,TLAB,TJX,TJX,TJX,TJX,TJX,TJX,TMK,TMO,TMO,TMO,TMO,TMO,TMO,TPR,TMO,TMO,TPR,TPR,TPR,TPR,TMO,TMK,TPR,TROW,TROW,TROW,TROW,TRIP,TRIP,TPR,TPR
TLAB,TMK,TLAB,TLAB,TLAB,TLAB,TLAB,TLAB,TMO,TMUS,TMUS,TMUS,TMUS,TMUS,TPR,TRIP,TPR,TPR,TRIP,TRIP,TRIP,TRIP,TPR,TMO,TRIP,TRV,TRV,TRV,TRV,TROW,TROW,TRIP,TRIP
TMK,TMO,TMK,TMK,TMK,TMK,TMK,TMK,TMUS,TPR,TPR,TPR,TPR,TPR,TRIP,TROW,TRIP,TRIP,TROW,TROW,TROW,TROW,TRIP,TPR,TROW,TSCO,TSCO,TSCO,TSCO,TRV,TRV,TROW,TROW
TMO,TMUS,TMO,TMO,TMO,TMO,TMO,TMO,TPR,TRIP,TRIP,TRIP,TRIP,TRIP,TROW,TRV,TROW,TROW,TRV,TRV,TRV,TRV,TROW,TRIP,TRV,TSN,TSN,TSN,TSN,TSCO,TSCO,TRV,TRV
TMUS,TPR,TMUS,TMUS,TMUS,TMUS,TMUS,TMUS,TRIP,TROW,TROW,TROW,TROW,TROW,TRV,TSN,TRV,TRV,TSCO,TSCO,TSCO,TSCO,TRV,TROW,TSCO,TSS,TSS,TSS,TSS,TSN,TSN,TSCO,TSCO
TPR,TROW,TPR,TPR,TPR,TPR,TPR,TPR,TROW,TRV,TRV,TRV,TRV,TRV,TSN,TSS,TSN,TSCO,TSN,TSN,TSN,TSN,TSCO,TRV,TSN,TWC,TWX,TWX,TWX,TSS,TSS,TSN,TSN
TROW,TRV,TROW,TROW,TROW,TROW,TROW,TROW,TRV,TSN,TSN,TSN,TSN,TSN,TSS,TWC,TSS,TSN,TSS,TSS,TSS,TSS,TSN,TSCO,TSS,TWX,TXN,TXN,TXN,TWX,TWX,TSS,TSS
TRV,TSN,TRV,TRV,TRV,TRV,TRV,TRV,TSN,TSS,TSS,TSS,TSS,TSS,TWC,TWX,TWC,TSS,TWC,TWC,TWC,TWC,TSS,TSN,TWC,TXN,TXT,TXT,TXT,TXN,TXN,TWX,TWX
TSN,TSS,TSN,TSN,TSN,TSN,TSN,TSN,TSS,TWC,TWC,TWC,TWC,TWC,TWX,TXN,TWX,TWC,TWX,TWX,TWX,TWX,TWC,TSS,TWX,TXT,UA,UA,UA,TXT,TXT,TXN,TXN
TSS,TWC,TSS,TSS,TSS,TSS,TSS,TSS,TWC,TWX,TWX,TWX,TWX,TWX,TXN,TXT,TXN,TWX,TXN,TXN,TXN,TXN,TWX,TWC,TXN,UAA,UAA,UAA,UAA,UA,UA,TXT,TXT
TWC,TWX,TWC,TWC,TWC,TWC,TWC,TWC,TWX,TXN,TXN,TXN,TXN,TXN,TXT,UNH,TXT,TXN,TXT,TXT,TXT,TXT,TXN,TWX,TXT,UAL,UAL,UAL,UAL,UAA,UAA,UA,UA
TWX,TXN,TWX,TWX,TWX,TWX,TWX,TWX,TXN,TXT,TXT,TXT,TXT,TXT,UNH,UNM,UNH,TXT,UAA,UAA,UAA,UAA,TXT,TXN,UAA,UDR,UDR,UDR,UDR,UAL,UAL,UAA,UAA
TXN,TXT,TXN,TXN,TXN,TXN,TXN,TXN,TXT,UNH,UNH,UNH,UNH,UNH,UNM,UNP,UNM,UNH,UNH,UHS,UHS,UHS,UAA,TXT,UAL,UHS,UHS,UHS,UHS,UDR,UDR,UAL,UAL
TXT,UNH,TXT,TXT,TXT,TXT,TXT,TXT,UNH,UNM,UNM,UNM,UNM,UNM,UNP,UPS,UNP,UNM,UNM,UNH,UNH,UNH,UHS,UAA,UHS,UNH,ULTA,ULTA,ULTA,UHS,UHS,UDR,UDR
UNH,UNM,UNH,UNH,UNH,UNH,UNH,UNH,UNM,UNP,UNP,UNP,UNP,UNP,UPS,URBN,UPS,UNP,UNP,UNM,UNM,UNM,UNH,UAL,UNH,UNM,UNH,UNH,UNH,ULTA,ULTA,UHS,UHS
UNM,UNP,UNM,UNM,UNM,UNM,UNM,UNM,UNP,UPS,UPS,UPS,UPS,UPS,URBN,USB,URBN,UPS,UPS,UNP,UNP,UNP,UNM,UHS,UNM,UNP,UNM,UNM,UNM,UNH,UNH,ULTA,ULTA
UNP,UPS,UNP,UNP,UNP,UNP,UNP,UNP,UPS,URBN,URBN,URBN,URBN,URBN,USB,UTX,USB,URBN,URBN,UPS,UPS,UPS,UNP,UNH,UNP,UPS,UNP,UNP,UNP,UNM,UNM,UNH,UNH
UPS,URBN,UPS,UPS,UPS,UPS,UPS,UPS,URBN,USB,USB,USB,USB,USB,UTX,V,UTX,USB,USB,URBN,URBN,URBN,UPS,UNM,UPS,URBN,UPS,UPS,UPS,UNP,UNP,UNM,UNM
USB,USB,URBN,URBN,URBN,URBN,URBN,URBN,USB,UTX,UTX,UTX,UTX,UTX,V,VAR,V,UTX,UTX,URI,URI,URI,URBN,UNP,URBN,URI,URBN,URBN,URBN,UPS,UPS,UNP,UNP
UTX,UTX,USB,USB,USB,USB,USB,USB,UTX,V,V,V,V,V,VAR,VFC,VAR,V,V,USB,USB,USB,URI,UPS,URI,USB,URI,URI,URI,URI,URI,UPS,UPS
V,V,UTX,UTX,UTX,UTX,UTX,UTX,V,VAR,VAR,VAR,VAR,VAR,VFC,VIAB,VFC,VAR,VAR,UTX,UTX,UTX,USB,URBN,USB,UTX,USB,USB,USB,USB,USB,URI,URI
VAR,VAR,V,V,V,V,V,V,VAR,VFC,VFC,VFC,VFC,VFC,VIAB,VIAV,VIAB,VFC,VFC,V,V,V,UTX,URI,UTX,V,UTX,UTX,UTX,UTX,UTX,USB,USB
VFC,VFC,VAR,VAR,VAR,VAR,VAR,VAR,VFC,VIAB,VIAB,VIAB,VIAB,VIAB,VIAV,VLO,VLO,VIAB,VIAB,VAR,VAR,VAR,V,USB,V,VAR,V,V,V,V,V,UTX,UTX
VIAB,VIAB,VFC,VFC,VFC,VFC,VFC,VFC,VIAB,VIAV,VIAV,VIAV,VIAV,VIAV,VLO,VMC,VMC,VLO,VLO,VFC,VFC,VFC,VAR,UTX,VAR,VFC,VAR,VAR,VAR,VAR,VAR,V,V
VIAV,VIAV,VIAB,VIAB,VIAB,VIAB,VIAB,VIAB,VIAV,VLO,VLO,VLO,VLO,VLO,VMC,VNO,VNO,VMC,VMC,VIAB,VIAB,VIAB,VFC,V,VFC,VIAB,VFC,VFC,VFC,VFC,VFC,VAR,VAR
VLO,VLO,VIAV,VIAV,VIAV,VIAV,VIAV,VIAV,VLO,VMC,VMC,VMC,VMC,VMC,VNO,VRSN,VRSN,VNO,VNO,VLO,VLO,VLO,VIAB,VAR,VIAB,VLO,VIAB,VIAB,VIAB,VIAB,VIAB,VFC,VFC
VMC,VMC,VLO,VLO,VLO,VLO,VLO,VLO,VMC,VNO,VNO,VNO,VNO,VNO,VRSN,VRTX,VRTX,VRSN,VRSN,VMC,VMC,VMC,VLO,VFC,VLO,VMC,VLO,VLO,VLO,VLO,VLO,VIAB,VIAB
VNO,VNO,VMC,VMC,VMC,VMC,VMC,VMC,VNO,VRSN,VRSN,VRSN,VRSN,VRSN,VTR,VTR,VTR,VRTX,VRTX,VNO,VNO,VNO,VMC,VIAB,VMC,VNO,VMC,VMC,VMC,VMC,VMC,VLO,VLO
VRSN,VRSN,VNO,VNO,VNO,VNO,VNO,VNO,VRSN,VTR,VTR,VTR,VTR,VTR,VZ,VZ,VZ,VTR,VTR,VRSN,VRSN,VRSN,VNO,VLO,VNO,VRSK,VNO,VNO,VNO,VNO,VNO,VMC,VMC
VTR,VTR,VRSN,VRSN,VRSN,VRSN,VRSN,VRSN,VTR,VZ,VZ,VZ,VZ,VZ,WAT,WAT,WAT,VZ,VZ,VRTX,VRTX,VRTX,VRSN,VMC,VRSK,VRSN,VRSK,VRSK,VRSK,VRSK,VRSK,VNO,VNO
VZ,VZ,VTR,VTR,VTR,VTR,VTR,VTR,VZ,WAT,WAT,WAT,WAT,WAT,WBA,WBA,WBA,WAT,WAT,VTR,VTR,VTR,VRTX,VNO,VRSN,VRTX,VRSN,VRSN,VRSN,VRSN,VRSN,VRSK,VRSK
WAT,WAT,VZ,VZ,VZ,VZ,VZ,VZ,WAT,WBA,WBA,WBA,WBA,WBA,WDC,WDC,WDC,WBA,WBA,VZ,VZ,VZ,VTR,VRSN,VRTX,VTR,VRTX,VRTX,VRTX,VRTX,VRTX,VRSN,VRSN
WBA,WBA,WAT,WAT,WAT,WAT,WAT,WAT,WBA,WDC,WDC,WDC,WDC,WDC,WEC,WEC,WEC,WDC,WDC,WAT,WAT,WAT,VZ,VRTX,VTR,VZ,VTR,VTR,VTR,VTR,VTR,VRTX,VRTX
WDC,WDC,WBA,WBA,WBA,WBA,WBA,WBA,WDC,WEC,WEC,WEC,WEC,WEC,WELL,WELL,WELL,WEC,WEC,WBA,WBA,WBA,WAT,VTR,VZ,WAT,VZ,VZ,VZ,VZ,VZ,VTR,VTR
WEC,WEC,WDC,WDC,WDC,WDC,WDC,WDC,WEC,WELL,WELL,WELL,WELL,WELL,WFC,WFC,WFC,WELL,WELL,WDC,WDC,WDC,WBA,VZ,WAT,WBA,WAT,WAT,WAT,WAT,WAT,VZ,VZ
WELL,WELL,WEC,WEC,WEC,WEC,WEC,WEC,WELL,WFC,WFC,WFC,WFC,WFC,WFM,WFM,WFM,WFC,WFC,WEC,WEC,WEC,WDC,WAT,WBA,WDC,WBA,WBA,WBA,WBA,WBA,WAT,WAT
WFC,WFC,WELL,WELL,WELL,WELL,WELL,WELL,WFC,WFM,WFM,WFM,WFM,WFM,WHR,WHR,WHR,WFM,WFM,WELL,WELL,WELL,WEC,WBA,WDC,WEC,WDC,WDC,WDC,WDC,WDC,WBA,WBA
WFM,WFM,WFC,WFC,WFC,WFC,WFC,WFC,WFM,WHR,WHR,WHR,WHR,WHR,WIN,WIN,WIN,WHR,WHR,WFC,WFC,WFC,WELL,WDC,WEC,WELL,WEC,WEC,WEC,WEC,WEC,WDC,WDC
WHR,WHR,WFM,WFM,WFM,WFM,WFM,WFM,WHR,WIN,WIN,WIN,WIN,WIN,WM,WM,WM,WIN,WIN,WFM,WFM,WFM,WFC,WEC,WELL,WFC,WELL,WELL,WELL,WELL,WELL,WEC,WEC
WIN,WIN,WHR,WHR,WHR,WHR,WHR,WHR,WIN,WM,WM,WM,WM,WM,WMB,WMB,WMB,WM,WM,WHR,WHR,WHR,WFM,WELL,WFC,WFM,WFC,WFC,WFC,WFC,WFC,WELL,WELL
WM,WM,WIN,WIN,WIN,WIN,WIN,WIN,WM,WMB,WMB,WMB,WMB,WMB,WMT,WMT,WMT,WMB,WMB,WIN,WIN,WIN,WHR,WFC,WFM,WHR,WFM,WFM,WFM,WFM,WFM,WFC,WFC
WMB,WMB,WM,WM,WM,WM,WM,WM,WMB,WMT,WMT,WMT,WMT,WMT,WPX,WPX,WPX,WMT,WMT,WM,WM,WM,WM,WFM,WHR,WLTW,WHR,WHR,WHR,WHR,WHR,WHR,WHR
WMT,WMT,WMB,WMB,WMB,WMB,WMB,WMB,WMT,WPX,WPX,WPX,WPX,WPX,WU,WU,WU,WU,WU,WMB,WMB,WMB,WMB,WHR,WM,WM,WLTW,WLTW,WLTW,WLTW,WLTW,WLTW,WLTW
WU,WU,WMT,WMT,WMT,WMT,WMT,WMT,WU,WU,WU,WU,WU,WU,WY,WY,WY,WY,WY,WMT,WMT,WMT,WMT,WM,WMB,WMB,WM,WM,WM,WM,WM,WM,WM
WY,WY,WU,WU,WU,WU,WU,WU,WY,WY,WY,WY,WY,WY,WYND,WYND,WYND,WYND,WYND,WU,WU,WU,WU,WMB,WMT,WMT,WMB,WMB,WMB,WMB,WMB,WMB,WMB
WYND,WYND,WY,WY,WY,WY,WY,WY,WYND,WYND,WYND,WYND,WYND,WYND,WYNN,WYNN,WYNN,WYNN,WYNN,WY,WY,WY,WY,WMT,WRK,WRK,WMT,WMT,WMT,WMT,WMT,WMT,WMT
WYNN,WYNN,WYND,WYND,WYND,WYND,WYND,WYND,WYNN,WYNN,WYNN,WYNN,WYNN,WYNN,X,X,X,X,X,WYND,WYND,WYND,WYND,WRK,WU,WU,WRK,WRK,WRK,WRK,WRK,WRK,WRK
X,X,WYNN,WYNN,WYNN,WYNN,WYNN,WYNN,X,X,X,X,X,X,XEL,XEL,XEL,XEL,XEC,WYNN,WYNN,WYNN,WYNN,WU,WY,WY,WU,WU,WU,WU,WU,WU,WU
XEL,XEL,X,X,X,X,X,X,XEL,XEL,XEL,XEL,XEL,XEL,XL,XL,XL,XL,XEL,XEC,XEC,XEC,XEC,WY,WYND,WYND,WY,WY,WY,WY,WY,WY,WY
XL,XL,XEL,XEL,XEL,XEL,XEL,XEL,XL,XL,XL,XL,XL,XL,XLNX,XLNX,XLNX,XLNX,XL,XEL,XEL,XEL,XEL,WYND,WYNN,WYNN,WYND,WYND,WYND,WYND,WYND,WYND,WYND
XLNX,XLNX,XL,XL,XL,XL,XL,XL,XLNX,XLNX,XLNX,XLNX,XLNX,XLNX,XOM,XOM,XOM,XOM,XLNX,XL,XL,XL,XL,WYNN,XEC,XEC,WYNN,WYNN,WYNN,WYNN,WYNN,WYNN,WYNN
XOM,XOM,XLNX,XLNX,XLNX,XLNX,XLNX,XLNX,XOM,XOM,XOM,XOM,XOM,XOM,XRAY,XRAY,XRAY,XRAY,XOM,XLNX,XLNX,XLNX,XLNX,XEC,XEL,XEL,XEC,XEC,XEC,XEC,XEC,XEC,XEC
XRAY,XRAY,XOM,XOM,XOM,XOM,XOM,XOM,XRAY,XRAY,XRAY,XRAY,XRAY,XRAY,XRX,XRX,XRX,XRX,XRAY,XOM,XOM,XOM,XOM,XEL,XL,XL,XEL,XEL,XEL,XEL,XEL,XEL,XEL
XRX,XRX,XRAY,XRAY,XRAY,XRAY,XRAY,XRAY,XRX,XRX,XRX,XRX,XRX,XRX,XYL,XYL,XYL,XYL,XRX,XRAY,XRAY,XRAY,XRAY,XL,XLNX,XLNX,XL,XL,XL,XL,XL,XL,XL
XTO,XTO,XRX,XRX,XRX,XRX,XRX,XRX,XYL,XYL,XYL,XYL,XYL,XYL,YUM,YUM,YUM,YUM,XYL,XRX,XRX,XRX,XRX,XLNX,XOM,XOM,XLNX,XLNX,XLNX,XLNX,XLNX,XLNX,XLNX
YUM,YUM,YUM,YUM,YUM,YUM,YUM,YUM,YUM,YUM,YUM,YUM,YUM,YUM,ZBH,ZBH,ZBH,ZBH,YUM,XYL,XYL,XYL,XYL,XOM,XRAY,XRAY,XOM,XOM,XOM,XOM,XOM,XOM,XOM
ZBH,ZBH,ZBH,ZBH,ZBH,ZBH,ZBH,ZBH,ZBH,ZBH,ZBH,ZBH,ZBH,ZBH,ZION,ZION,ZION,ZION,ZBH,YUM,YUM,YUM,YUM,XRAY,XRX,XRX,XRAY,XRAY,XRAY,XRAY,XRAY,XRAY,XRAY
ZION,ZION,ZION,ZION,ZION,ZION,ZION,ZION,ZION,ZION,ZION,ZION,ZION,ZION,ZTS,ZTS,ZTS,ZTS,ZION,ZBH,ZBH,ZBH,ZBH,XRX,XYL,XYL,XRX,XRX,XRX,XRX,XRX,XRX,XRX
,,,,,,,,,,,,,,,,,,ZTS,ZION,ZION,ZION,ZION,XYL,YUM,YUM,XYL,XYL,XYL,XYL,XYL,XYL,XYL
,,,,,,,,,,,,,,,,,,,ZTS,ZTS,ZTS,ZTS,YUM,ZBH,ZBH,YUM,YUM,YUM,YUM,YUM,YUM,YUM
,,,,,,,,,,,,,,,,,,,,,,,ZBH,ZION,ZION,ZBH,ZBH,ZBH,ZBH,ZBH,ZBH,ZBH
,,,,,,,,,,,,,,,,,,,,,,,ZION,ZTS,ZTS,ZION,ZION,ZION,ZION,ZION,ZION,ZION
,,,,,,,,,,,,,,,,,,,,,,,ZTS,,,ZTS,ZTS,ZTS,ZTS,ZTS,ZTS,ZTS
